{"title":"CSGT TP HCM tổng lực xử phạt vi phạm qua camera","time":"18:03 29/03/2016","content":" ","description":"Sáng 29/3, Phòng CSGT đường bộ - đường sắt TP HCM ra quân tổng lực xử phạt vi phạm qua camera. Nhiều phương tiện vi phạm, trong đó có cả xe biển xanh.","url":"http://news.zing.vn/csgt-tp-hcm-tong-luc-xu-phat-vi-pham-qua-camera-post637794.html"}
{"title":"3 giờ ngụp lặn dưới dòng nước đen tìm người nhảy kênh","time":"17:46 29/03/2016","content":"Theo một số nhân chứng, khoảng 13h ngày 29/3, ông Lê Văn Út (45 tuổi, ngụ quận Gò Vấp, TP HCM) đi bộ đến kênh Tham Lương đoạn gần khu vực cầu Chợ Cầu (phường 14, quận Gò Vấp). Người đàn ông đứng trên bờ một lúc lâu rồi bất ngờ gieo mình xuống dòng nước đang chảy xiết, bơi được một đoạn rồi chìm xuống. Nhiều người phát hiện hô hoán tìm cách ứng cứu nhưng do thời điểm này, thủy triều đang lên nên bất lực. Hàng chục Cảnh sát PCCC quận Gò vấp và phòng cứu nạn cứu hộ thuộc Cảnh sát PCCC TP HCM đã đến hiện trường, triển khai công tác tìm kiếm. Sau 3 giờ ngụp lặn dưới dòng nước đen, lực lượng chức đã tìm thấy thi thể người đàn ông. Một người quen ông Út cho biết, thời gian gần đây nạn nhân có nhiều chuyện buồn, thường xuyên uống rượu. Sáng cùng ngày, ông Út đi đám ma người quen trong xóm, đến trưa thì xảy ra chuyện.","description":"Người đàn ông bất ngờ nhảy xuống kênh, bơi được một đoạn rồi chìm hẳn. Khoảng 20 người nhái thay phiên ngụp lặn dưới dòng nước đen suốt 3 giờ tìm kiếm nạn nhân.","url":"http://news.zing.vn/3-gio-ngup-lan-duoi-dong-nuoc-den-tim-nguoi-nhay-kenh-post637873.html"}
{"title":"Rét tháng ba, trâu Sa Pa lại gục chết hàng loạt","time":"17:45 29/03/2016","content":"Sáng 29/3, chúng tôi theo quốc lộ 4D ngược lên Sa Pa, chúng kiến hai bên đường, người dân xả thịt trâu, đứng bán rất nhiều. Hỏi chuyện chị Lý Tả Mẩy, ở thôn Vù Lùng Sung, xã Trung Chải, huyện Sa Pa, đang đứng bán thịt trâu tại km 124, quốc lộ 4D, vẻ mặt buồn rầu, chị Mẩy nói: “Nhà mình có ba con trâu, nuôi giữ suốt mùa đông để nó không bị chết rét. Cứ tưởng là cái rét nó hết rồi, không lo trâu bị chết rét nữa, không ngờ ông trời làm rét quá, con trâu nghé gần một tuổi không chịu được lăn ra chết rồi. Mình đem thịt ra đây bán, được ít tiền nào thì được”. Người dân Sa Pa bán thịt trâu chết rét trên quốc lộ 4D Trên đoạn đường chị Mẩy bán thịt trâu, có hàng chục người dân tộc Mông, Dao ở các xã Trung Chải, Sa Pả cũng đứng bán thịt trâu bị chết rét. Vì là nghé non, thịt nhớt, lại không phải là ngày nghỉ cuối tuần, vắng khách nên bán giá rẻ, vớt vát được đồng nào hay đồng ấy. Theo Phòng kinh tế Sa Pa, nguyên nhân trâu gục ngã hàng loạt là do đợt rét cuối tháng ba năm nay có cường độ mạnh, kéo dài. Ngày 28/3, nhiệt độ tại sa Pa bất ngờ “tụt” xuống 5,5 độ C, biên độ giảm đến sáu độ so với trước đó. Rét hại đột ngột, cộng với sức đề kháng của gia súc đã suy giảm nên đợt rét “vu hồi” này đã làm gia súc bị chết nhiều. Hiện phòng kinh tế Sa Pa đang thống kê thiệt hại và tăng cường khuyến cáo bà con nông dân thực hiện các biện pháp chống rét hại, phòng chống bệnh cước chân sau rét cho gia súc, để hạn chế thiệt hại. Trâu Sa Pa lại gục chết hàng loạt “Đợt rét tháng ba quái ác này cho thấy diễn biến khí hậu ngày càng khó lường, do ảnh hưởng của biến đổi khí hậu toàn cầu, thời tiết tại sa Pa ngày càng cực đoan, gây nên những thiệt hại lớn đối với sản xuất nông nghiệp và đời sống của người dân. Vì vậy cần phải chủ động đối phó có hiệu quả”, ông Lưu Minh hải - Giám đốc Đài khí tượng - thủy văn Lào Cai cho biết.","description":"Rét tháng ba với nhiệt độ giảm đột ngột xuống tới 5,5 độ C ở Sa Pa (Lào Cai) năm nay đã khiến hàng loạt nghé non và trâu già của người dân gục chết vì quá lạnh.","url":"http://news.zing.vn/ret-thang-ba-trau-sa-pa-lai-guc-chet-hang-loat-post637871.html"}
{"title":"Đà Nẵng xây hầm chui hình chữ Y để giảm ùn tắc","time":"17:37 29/03/2016","content":"Ngày 29/3, tin từ Sở GTVT cho biết, ông Huỳnh Đức Thơ - Chủ tịch UBND TP Đà Nẵng đã phê duyệt mặt bằng quy hoạch xây dựng hầm chui dọc đường Điện Biên Phủ qua nút giao thông Lê Độ - Điện Biên Phủ - Nguyễn Tri Phương. Theo đó, diện tích quy hoạch dự án là 48.238 m2. Lãnh đạo TP Đà Nẵng kỳ vọng, khi dự án hoàn thành sẽ góp phần giảm ùn tắc, tai nạn giao thông, đồng thời khớp nối đồng bộ hạ tầng kỹ thuật với các khu vực lân cận. Hầm chui có dạng hình chữ Y với 3 hầm hở ở 3 nhánh và hầm kín ở giữa nút giao. Đường Điện Biên Phủ ở phía tây nút giao được làm 2 làn đường cho xe buýt nhanh (BRT). Vòng xoay hiện trạng ở giữa nút giao được tháo dỡ để làm đường xe BRT chạy qua Nguyễn Tri Phương và ngược lại. Ngoài ra, trong dự án còn có vị trí ga BRT, cầu vượt dành cho người đi bộ, trạm bơm thoát nước mưa trong hầm... Trao đổi với Zing.vn, lãnh đạo văn phòng Sở GTVT cho biết, dự án này đang thu thập ý kiến phản biện của các chuyên gia, nhà nghiên cứu và người dân. Sở chưa đưa ra được mức kinh phí dự kiến cho dự án này.  Theo phương án đề xuất, hầm bắc qua sông Hàn (Đà Nẵng) sẽ có 6 làn xe và 2 đường thoát hiểm với tổng chiều dài công trình 800 m; tổng vốn dự kiến vào khoảng 3.300 tỷ đồng.  ","description":"Đà Nẵng dự kiến sẽ xây dựng hầm chui hình chữ Y ở nút giao thông Nguyễn Tri Phương - Điện Biên Phủ - Lê Độ nhằm góp phần giảm ùn tắc, tai nạn giao thông trên địa bàn.","url":"http://news.zing.vn/da-nang-xay-ham-chui-hinh-chu-y-de-giam-un-tac-post637852.html"}
{"title":"Cứu trợ khẩn cấp nước uống cho người dân Bến Tre","time":"15:54 29/03/2016","content":"Ngày 29/3, Trung ương Hội chữ thập đỏ Việt Nam đã đến xã Lương Hòa (huyện Giồng Trôm, Bến Tre) cứu trợ khẩn cấp nước ngọt và can nhựa cho hơn 800 hộ nghèo ở các xã Lương Hòa, Lương Quới, Phong Mỹ (huyện Giồng Trôm). Mỗi hộ nghèo được hỗ trợ 2 bình nước lọc, 2 can nhựa (loại 20 lít/can) và 100 viên lọc nước. Bến Tre có hơn hơn 98.000 hộ (400.000 người) bị ảnh hưởng bởi xâm nhập mặn, phần lớn tập trung ở các huyện biển Ba Tri, Bình Đại và Thạnh Phú. Dự báo, sắp tới tình hình hạn mặn còn diễn biến phức tạp và gay gắt hơn, người dân Bến Tre đối mặt với tình trạng thiếu nước sinh hoạt trầm trọng. Bà Nguyễn Thị Xuân Thu - Chủ tịch Hội chữ thập đỏ Việt Nam chia sẻ khó khăn với bà con nghèo trên địa bàn và cho biết, Trung ương Hội chữ thập đỏ Việt Nam đang vận động quyên góp, phát động chiến dịch chung tay góp sức hỗ trợ đồng bào miền Trung, Tây Nguyên và ĐBSCL bị ảnh hưởng xâm nhập mặn. Trung ương Hội xuất quỹ và các nguồn vận động khác, chuyển về cho nhiều địa phương hỗ trợ bà con nước uống, dụng cụ chứa nước. \"Hội cứu trợ khẩn cấp 400 thùng nước cho hộ nghèo các xã Long Mỹ, Phước Long, Sơn Phú và Lương Phú (huyện Giồng Trôm) bị ảnh hưởng do tình trạng xâm nhập mặn mùa khô năm 2016\", bà Thu nói.  Nước mặn đang tấn công Bến Tre dữ dội khiến gần như toàn bộ xứ đảo dừa bị nước mặn bao phủ. Đời sống của người dân nhiều nơi bị đảo lộn, việc sản xuất bị ảnh hưởng nghiêm trọng.","description":"Hơn 800 hộ dân ở huyện Giồng Trôm được cứu trợ khẩn cấp nước uống và can nhựa, viên lọc nước. Bến Tre có hơn hơn 98.000 hộ (400.000 người) bị ảnh hưởng của xâm nhập mặn.","url":"http://news.zing.vn/cuu-tro-khan-cap-nuoc-uong-cho-nguoi-dan-ben-tre-post637835.html"}
{"title":"Đưa một phần cầu Ghềnh từ đáy sông lên sà lan","time":"15:07 29/03/2016","content":"Ngày 29/3, đội trục vớt cầu Ghềnh thuộc Công ty xây dựng công trình giao thông 1 (Bộ GTVT) tổ chức đưa các hạng mục cầu chìm lên khỏi mặt nước. Từ sáng sớm, các thợ lặn đã hoàn tất thao tác cắt nhịp 3 thành 2 khúc và móc cáp của cần cẩu nổi 500 tấn để trục vớt. Đến 10h cùng ngày, đội thi công cẩu nửa nhịp 3 lên nhưng bị vướng vào đáy sà lan. Để đảm bảo an toàn, các công nhân móc cáp vào, sau đó 3 tàu kéo nhịp này di chuyển khỏi vị trí. Sau 30 phút kết hợp các thao tác, nửa nhịp cầu được kéo lên sà lan và đưa về điểm tập kết ở thượng nguồn cách hiện trường 100 m, gần bờ xã Hiệp Hòa (TP Biên Hòa, Đồng Nai). Trong quá trình trục vớt, giao thông đường thủy qua cầu Ghềnh tạm ngưng. Cùng ngày, lực lượng Công an tỉnh Đồng Nai phối hợp cùng các đơn vị nghiệp vụ ghi nhận hiện trường, khám nghiệm phần cầu được trục vớt để phục vụ điều tra. Kiểm tra ban đầu, các xương thép phần đỉnh nhịp cầu bị biến dạng so với thiết kế. Hiện tại, đội trục vớt tiếp tục cố định sà lan tại vị trí để triển khai phương án đưa các phần chìm còn lại lên bờ. Trong khi đó, một tổ công nhân cơ khí tháo dỡ các thanh ray đường sắt, dùng hệ thống hàn gió đá cắt dầm thép nhịp 1. Theo dự kiến của Bộ GTVT, việc trục vớt và tháo dỡ các hạng mục cầu Ghềnh hoàn tất vào 2/4. Sự cố giao thông đường thủy xảy ra vào 11h30 ngày 20/3 khi chiếc sà lan nặng 800 tấn va vào trụ cầu Ghềnh bắc qua sông Đồng Nai thuộc xã Hiệp Hòa, TP Biên Hòa, Đồng Nai. Vụ va chạm làm 2 nhịp cầu bị gãy, 3 người rơi xuống cầu nhưng đã được cứu sống. Tuyến đường sắt Bắc - Nam bị tê liệt hoàn toàn. Theo cơ quan chức năng, sau 3-5 tháng, tuyến đường sắt này mới thông suốt trở lại.  Thấy cầu sập trong khi tàu đang đến gần, 2 anh em ông Sơn đã chạy về phía gác chắn cấp báo sự việc. Nhân viên ngành đường sắt ra hiệu dừng tàu khẩn cấp để tránh thảm họa.  Sau 3 ngày cầu Ghềnh (Đồng Nai) bị sà lan đâm sập, công tác cứu hộ, tìm kiếm diễn ra liên tục. Tuy nhiên, đến nay lực lượng chức năng vẫn chưa tiến hành trục vớt nhịp cầu bị chìm.","description":"Thợ lặn cắt rời nhịp cầu chìm ở độ sâu 14 m rồi móc cáp của cần cẩu nổi 500 tấn để đội thi công trục vớt. Nửa nhịp cầu nặng hàng trăm tấn vừa được đưa lên sà lan.","url":"http://news.zing.vn/dua-mot-phan-cau-ghenh-tu-day-song-len-sa-lan-post637778.html"}
{"title":"Cụ bà 80 tuổi nửa thế kỷ làm cửu vạn ở Sài Gòn","time":"14:55 29/03/2016","content":" ","description":"Dù đã gần 80 tuổi, tóc bạc, lưng còng nhưng bà cụ Sáu vẫn miệt mài theo đuổi công việc đẩy xe chở hàng đêm kiếm sống để không phụ thuộc con cái gần nửa thế kỷ qua.","url":"http://news.zing.vn/cu-ba-80-tuoi-nua-the-ky-lam-cuu-van-o-sai-gon-post636838.html"}
{"title":"Tăng mức phạt để người vi phạm \u0027nhói lòng\u0027 mới giảm ùn tắc","time":"14:50 29/03/2016","content":"Vấn đề ùn tắc, tai nạn giao thông một lần nữa được đặt ra tại hội thảo do Sở GTVT TP HCM và Đại học Quốc tế (ĐHQG TP HCM) tổ chức ngày 29/3. Sài Gòn đã có 7 triệu xe gắn máy Theo thống kê của Sở GTVT, hiện TP HCM có gần 7 triệu xe gắn máy. Mức được coi là quá cao và là nguyên nhân quan trọng gây nên tình trạng ùn tắc, tai nạn giao thông. Theo ông Trần Quang Lâm - Phó Giám đốc Sở GTVT, trong những năm vừa qua, phương tiện cá nhân tăng 6-7%, trong khi dân số chỉ tăng 1%. PGS.TS Nguyễn Văn Hiệp, ĐH Bách khoa TP HCM, cho rằng giá xe 2 bánh quá rẻ dẫn tới tình trạng ai cũng có thể mua, thậm chí có người sở hữu tới 2 chiếc. Theo ông Hiệp, vì tính cơ động của xe máy nên người lái có thể rẽ tùy tiện, vượt ẩu, không nhường nhau. Theo ông Hiệp, đây cũng là nguyên nhân chính gây ra các vụ tai nạn trong nội thành. “Xe 2 bánh đầy đường, chấp hành luật giao thông rất kém. Với đặc tính cơ động, thấy kẹt xe là người dân quẹo đầu, chạy lên lề hoặc vô hẻm”, ông nói. Các quy định xử phạt hiện nay để giải quyết tình trạng kẹt xe, tai nạn giao thông tỏ ra không hiệu quả. \"Có rất nhiều lực lượng tham gia giải quyết các vấn đề giao thông như cảnh sát, dân phòng… nhưng rốt cuộc vẫn phải hội thảo để tìm cách gỡ rối\", ông Hiệp bày tỏ. Ông Hiệp đưa ra nhiều ví dụ về tình trạng mà ông gọi là “hỗn loạn giao thông” tại TP HCM. \"Như tuyến đường Nguyễn Trãi, vỉa hè lòng đường bị lấn chiếm gần như không còn chỗ cho xe chạy. Chuyện này đã giải quyết 20 năm nhưng vẫn chưa xong. Gọi đó là văn minh đô thị thì thật là khiên cưỡng\", ông Hiệp nhận định. Ông Lê Văn Thành, Viện Nghiên cứu phát triển TP HCM, cũng cho rằng giải quyết tình trạng lấn chiếm vỉa hè, lòng lề đường phải được coi là giải pháp để giảm ùn tắc giao thông. Theo ông, bao lâu nay chúng ta nói mà không làm được. Việc này nằm trong tầm tay của chính quyền. Nếu làm được thì bộ mặt thành phố sẽ thay đổi ngay. Tại hội nghị, PGS.TS Nguyễn Văn Hiệp, Trường ĐH Bách Khoa TP HCM, đề xuất nên hạn chế phụ nữ đi xe tay ga để giảm tai nạn giao thông. Theo lý giải của ông, sở dĩ phải hạn chế phái yếu đi xe tay ga, phân phối lớn bởi \"ông trời sinh ra khả năng nhạy bén thua nam giới nên tai nạn rất dễ xảy ra\". Liên quan đến đề xuất này, TS Hiệp cũng kiến nghị không cho nhập xe tay ga, xe phân phối lớn. PGS.TS Nguyễn Văn Hiệp cũng đề xuất mức xử phạt đối với các vi phạm về an toàn giao thông nên tăng gấp 3-5 lần. \"Làm thế nào để người dân phải nhói lòng, đau bao tử khi bị phạt. Ở nước ngoài, người ta cũng có các quy định để việc nộp phạt không được thực hiện dễ dàng. Phải làm sao người dân phải sợ nộp phạt để không vi phạm nữa\", ông Hiệp nói. Đề cập đến vấn đề thu phí để giảm mật độ xe cá nhân, thứ trưởng Bộ GTVT Nguyễn Ngọc Đông, cho rằng các quốc gia trong khu vực thường tăng phí đăng ký phương tiện. Còn với Việt Nam, trước đây đã thực hiện chủ trương thu phí xe cá nhân, tuy nhiên để làm tốt và đồng bộ, các ban ngành cần nghiên cứu mức thu hợp lý. Phải hài hòa phương thức lựa chọn để đưa mức phí, kết hợp và nghiên cứu cụ thể chứ không thể áp dụng tràn lan. Lo metro xây xong không ai đi  \"Nếu tiếp tục làm theo nghị quyết về Chương trình giảm ùn tắc giao thông, giảm tai nạn giao thông giai đoạn 2016-2020 thì đến 2045, tắc nghẽn vẫn là một trong những đột phá của thành phố”, TS Huỳnh Thế Du - Chương trình giảng dạy kinh tế Fulbright khẳng định. TS Du cho rằng, cần phải có cách tiếp cận hoàn toàn khác, nên tập trung đột phá về vận tải công cộng. “Để làm được điều đó, cần phải nhất quán với quan điểm phát triển đô thị nén. Nếu không chúng ta sẽ vấp phải tình trạng tắc nghẽn cục bộ dẫn đến tắc nghẽn toàn hệ thống”. Theo ông Huỳnh Thế Du, để giải quyết ùn tắc, tai nạn giao thông cần phải có đột phá về vận tải công cộng. Ảnh: Phước Tuần. Hiện nay, TP HCM có khoảng 3.000 xe bus, tuy nhiên, theo TS Du, trong 5-10 năm tới, phải tăng gấp đôi để đẩy mạnh giao thông công cộng. Bên cạnh đó, cần phải có những biện pháp tăng chi phí, hạn chế phương tiện cá nhân, không xây thêm đường. “Tôi lo ngại, tuyến metro số 1 có thể không nhiều người đi khi hoàn thành. Bởi vì chúng ta vừa xây metro vừa xây đường. Người dân có thể sẽ không lựa chọn metro vì họ vẫn có thể lưu thông bằng đường bộ bình thường”. Các chuyên gia cũng đề xuất học tập cách giải quyết của một số TP lớn trên thế giới như Seoul (Hàn Quốc). \"Chúng ta phải có đội đặc nhiệm chống ùn tắc dưới sự chỉ đạo trực tiếp lãnh đạo TP. Như Hàn Quốc dành 2 năm nghiên cứu và chỉ cần 3 năm triển khai đã cực kỳ thành công. Người đứng đầu TP hiện nay giải quyết được vấn đề giao thông là đã để lại dấu ấn lớn. Tuy nhiên, muốn làm thì phải có đột phá thực sự\", TS Huỳnh Thế Du nhận định. Đồng tình với quan điểm này, TS Nguyễn Quốc Hiển, Trưởng khoa Công trình Giao thông ĐH Giao thông vận tải, cho rằng tập trung vào giao thông công cộng phải là ưu tiên số một. Ông Hiển cũng đề xuất phải áp dụng bằng được công nghệ thông tin trong điều hành giao thông nói chung và giao thông công cộng nói riêng.  Theo thứ trưởng Nguyễn Ngọc Đông, với những nỗ lực hiện nay, đến năm 2020, phấn đấu đáp ứng được khoảng 20-35% nhu cầu giao thông công cộng. Ông Đông cho rằng phải quyết tâm xây xong đường sắt nội đô mới khuyến khích người dân sử dụng phương tiện công cộng, khi ấy thực trạng ùn tắc sẽ giảm mạnh.  Theo Sở Giao thông Vận tải TP, hơn một nửa tuyến đường TP không có vỉa hè, còn những nơi có vỉa hè thì phần nhiều bị bao vây, lấn chiếm chủ yếu để kinh doanh.","description":"PGS.TS Nguyễn Văn Hiệp đề xuất mức xử phạt đối với các vi phạm giao thông nên tăng gấp 3-5 lần, để người dân \"nhói lòng, đau bao tử\" thì mới mong giảm được ùn tắc, tai nạn.","url":"http://news.zing.vn/tang-muc-phat-de-nguoi-vi-pham-nhoi-long-moi-giam-un-tac-post637797.html"}
{"title":"Truy trách nhiệm việc để xe phá nát quốc lộ 10","time":"13:32 29/03/2016","content":"Công điện yêu cầu Ban An toàn giao thông tỉnh Nghệ An chỉ đạo công an tỉnh đề nghị CSGT, TTGT, công an huyện Kỳ Sơn kiểm tra, truy trách nhiệm tổ chức, cá nhân để xảy ra tình trạng xe quá khổ, quá tải hoạt động trên quốc lộ 10. Đồng thời, tăng cường lực lượng phối hợp với bộ đội biên phòng, hải quan bố trí điểm kiểm tra lưu động, kiểm soát xử lý ngay tại cửa khẩu Buộc Mú và Tam Hợp. Xe tải chở gỗ từ Lào qua cửa khẩu phá nát quốc lộ 10. Ông cũng yêu cầu Sở Giao thông vận tải Nghệ An tước quyền sử dụng giấy phép kinh doanh vận tải đối với các cá nhân, tổ chức vi phạm chở quá tải trọng cho phép, vi phạm về kích thước thùng xe, phương tiện hết hạn đăng kiểm, hết niên hạn sử dụng vẫn tham gia giao thông. Phó thủ tướng cũng chỉ đạo Sở sửa chữa, nâng cấp khắc phục những hư hỏng về kết cấu hạ tầng giao thông trên tuyến bảo đảm người dân đi lại thuận lợi, an toàn. Trước đó, mỗi ngày hàng trăm lượt xe tải chở gỗ từ Lào qua cửa khẩu Buộc Mú (xã Na Ngoi, huyện Kỳ Sơn) và cửa khẩu phụ Tam Hợp lưu thông trên quốc lộ 10 (đoạn qua huyện Tương Dương) vi phạm quá khổ, quá tải, hết hạn đăng kiểm gây hư hỏng nghiêm trọng kết cấu hạ tầng giao thông, tiềm ẩn nguy cơ cao dẫn đến tai nạn giao thông.","description":"Ngày 29/3, Phó thủ tướng Nguyễn Xuân Phúc gửi công điện yêu cầu cơ quan chức năng tỉnh Nghệ An xử lý hàng loạt ôtô chở gỗ quá khổ, quá tải vượt cửa khẩu phá nát quốc lộ 10.","url":"http://news.zing.vn/truy-trach-nhiem-viec-de-xe-pha-nat-quoc-lo-10-post637782.html"}
{"title":"Phí quốc lộ 5 tăng 50%","time":"11:37 29/03/2016","content":"Ngày 29/3, Tổng công ty Phát triển hạ tầng và Đầu tư tài chính Việt Nam (VIDIFI) đưa ra thông tin về về điều chỉnh mức thu phí tại Quốc lộ 5 và cao tốc Hà Nội - Hải Phòng. Theo VIDIFI, ngày 1/4, mức phí trên hệ thống cao tốc Hà Nội - Hải Phòng sẽ được điều chỉnh và 2 trạm thu phí ở Quốc lộ 5 sẽ tăng lên 50%. Ông Đào Văn Chiến, Chủ tịch HĐQT VIDIFI cho biết, hiện trên tuyến cao tốc Hà Nội - Hải Phòng có gần 20.000 lượt xe/ngày lưu thông. Chủ đầu tư thu được 2 tỷ đồng/ngày; nếu tăng sẽ thu được 4 tỷ đồng/ngày. Thực tế thu vẫn chưa đủ trả tiền lãi (vốn 2 tỷ USD), nhưng theo kế hoạch thì 30 năm sau sẽ thu hồi vốn. Đến năm thứ 18 tổng thu phí sẽ cân bằng trả lãi ngân hàng. Sau năm thứ 18 sẽ trả nợ gốc và năm thứ 30 sẽ thu hồi vốn. Từ ngày 1/4, mức thu phí trên Quốc lộ 5 tăng bình quân 50%. Ảnh: \"Chúng tôi chỉ là đầu tư phát triển chứ không phải thu lợi nhuận. Hàng năm Bộ GTVT quyết toán số thu; thu hồi đủ vốn lúc nào thì bàn giao đường cho Nhà nước lúc đó. 30 năm chỉ là tính toán để thấy có khả thi hay không thôi\", ông Chiến nói. Theo ông Chiến, số tiền thu 6 năm nay, đơn vị chỉ đủ bỏ ra để nâng cấp sửa chữa Quốc lộ 5. VIDIFI cho rằng, đây là các công trình có hiệu quả kinh tế xã hội rất lớn nhưng việc thu hồi vốn gặp nhiều khó khăn. Dự án cao tốc Hà Nội - Hải Phòng được Nhà nước hỗ trợ 39% tổng mức đầu tư, mức thu phí ở đây tương đương với đường cao tốc TP HCM - Long Thành - Dầu Giây nhưng vẫn phải mất đến 30 năm mới thu hồi được vốn đầu tư. VIDIFI cũng nhận định, mức phí quy định tương đối cao so với điều kiện kinh tế - xã hội và thu nhập hiện nay, nhưng nếu không tăng phí theo phương án đã được các bộ, ngành phê duyệt thì không thực hiện được cân đối vốn theo phương án tài chính đã được Thủ tướng chấp thuận. \"Kể cả sau khi đã tăng phí, tổng doanh thu phí vẫn chưa đủ để trả lãi ngân hàng hàng tháng, nhưng đây là một bước quan trọng để có thể thu hồi vốn được vốn cho đường ôtô cao tốc Hà Nội - Hải Phòng trong 30 năm, sau đó bàn giao lại đường cho Nhà nước\", VIDIFI lý giải. Vì vậy, từ ngày 1/4, VIDIFI điều chỉnh mức thu phí và lộ trình tăng phí sử dụng đường bộ tại 2 trạm thu phí trên Quốc lộ 5 và cao tốc Hà Nội - Hải Phòng theo phương án tài chính của dự án đã được các bộ, ngành thẩm định. Theo đó, đối với quốc lộ 5, VIDIFI tăng mức thu phí bình quân khoảng 50% so với mức thu trước đây. Riêng đối với xe tải có tải trọng từ 18 tấn trở lên và xe chở hàng bằng container 40 fit (xe loại 5) thì mức tăng là 25% so với trước. Mức phí ở Quốc lộ 5 sẽ dao động từ 45.000 - 200.000 đồng/lượt (tăng từ 15.000 đồng đến 40.000 đồng/lượt so với mức phí cũ). Ở tuyến cao tốc Hà Nội - Hải Phòng, VIDIFI không thực hiện giảm 25% cho giai đoạn đầu khai thác nữa, mức thu phí đường cao tốc là 2.000 đồng/km đối với xe tiêu chuẩn (xe con dưới 12 chỗ và xe tải dưới 2 tấn), tương đương với mức thu phí của đường cao tốc TP HCM - Long Thành - Dầu Giầy đã áp dụng từ năm 2015. Mức phí đối với loại xe con đi từ TP Hải Phòng đến Hà Nội (vành đai 3) là 190.000 đồng/xe. Riêng mức phí đối với loại xe tải có tải trọng từ 18 tấn trở lên và xe chở hàng bằng Container 40 fit (xe loại 5) đợt này được giảm 10% so với mức thu trước đây để khuyến khích các doanh nghiệp vận tải hàng hóa lớn sử dụng đường cao tốc. Mức phí 760.000 đồng/lượt áp cho xe tải có tải trọng từ 18 tấn trở lên và xe container 40 fit cho tuyến từ vành đai 3 (Hà Nội) đến nút giao ĐT 356 (Đình Vũ, Hải Phòng) và ngược lại. Để thu hồi vốn đầu tư và vận hành 2 tuyến đường này, VIDIFI cho hay, việc điều chỉnh mức phí đường cao tốc Hà Nội - Hải Phòng và tăng phí Quốc lộ 5 là không thể không thực hiện. VIDIFI mong nhận được sự chia sẻ của người dân, doanh nghiệp và các cơ quan đơn vị về lộ trình tăng phí. \"Đây là đợt tăng phí \"nóng\" cuối cùng của dự án, từ những năm sau mức phí đường cao tốc sẽ được điều chỉnh theo chỉ số CPI tăng giảm hàng năm và mức phí Quốc lộ 5 cứ 3 năm tăng 18% theo quy định của Nhà nước\", VIDIFI khẳng định.  Một vài trạm thu phí rơi vào cảnh bối rối khi nhận văn bản của Bộ GTVT yêu cầu nếu xảy ra ùn tắc thì trạm thu phí mở tất cả các cửa, không thu phí.","description":"Chủ đầu tư dự án cao tốc Hà Nội - Hải Phòng đã có báo cáo điều chỉnh mức thu phí tại dự án này và tăng mức thu phí tại Quốc lộ 5 bình quân lên 50% từ ngày 1/4.","url":"http://news.zing.vn/phi-quoc-lo-5-tang-50-post637776.html"}
{"title":"Hơn 200 người chữa cháy xưởng may ở Sài Gòn","time":"11:10 29/03/2016","content":"Khoảng 6h15 ngày 29/3, bảo vệ Công ty TNHH Bags Connection Vina (20A Tô Ngọc Vân, phường Thạnh Xuân, quận 12, TP HCM) phát hiện ngọn lửa bùng phát trên tầng 1, nơi chứa các thiết bị máy móc nên hô hoán báo cháy. Nhiều người dân cùng bảo vệ cầm bình chữa cháy mini tới nhưng do ngọn lửa quá lớn, khói bốc cao nghi ngút nên họ sợ hãi bỏ chạy. Hàng chục công nhân công ty bên cạnh qua hỗ trợ di dời nhiều thùng hàng từ tầng trệt ra ngoài. Nhận tin báo, PCCC quận 12 triển khai lực lượng đến hiện trường và đề nghị chi viện từ Cảnh sát PCCC Gò Vấp, Bình Thạnh, Tân Phú phối hợp dập lửa. 19 xe chữa cháy, hơn 110 chiến sĩ PCCC và 100 công an phường, CSGT, bảo vệ dân phố tiếp cận hiện trường, triển khai các phương án chữa cháy. \"Khi lực lượng chữa cháy có mặt, khói đã bao trùm toàn bộ vị trí cửa đi, cầu thang, nên việc tiếp cận hiện trường gặp rất nhiều khó khăn. Nhiều xe thang được huy động, các chiến sĩ đeo mặt nạ chống độc phá cửa kính để thoát khói, đồng thời ngăn đám lửa lan rộng\", đại tá Đinh Văn Ngàn - Trưởng phòng Cảnh sát PCCC quận 12 cho biết. Hơn 2 giờ sau, đám cháy mới được dập tắt. Theo đại tá Ngàn, vụ hỏa hoạn thiêu rụi 2.000 m2 khu xưởng may ở tầng 1, hơn 100 máy may, 2 máy ép keo, nhiều nguyên liệu vải, trần nhà đổ sập. Nguyên nhân vụ việc đang được cơ quan chức năng điều tra làm rõ.","description":"Ngọn lửa bùng phát ở kho máy móc rồi bao trùm cả khu xưởng may rộng 2.000 m2. Hơn 200 cán bộ chiến sĩ và 19 xe cứu hỏa liên tục phun nước dập tắt đám cháy.","url":"http://news.zing.vn/hon-200-nguoi-chua-chay-xuong-may-o-sai-gon-post637760.html"}
{"title":"Bí thư Thăng: \u0027Không ai cấm khát vọng số 1\u0027","time":"10:51 29/03/2016","content":"Bên hành lang Quốc hội sáng 29/3, Bí thư Thành ủy TP HCM Đinh La Thăng đã chia sẻ với báo giới xung quanh mục tiêu ông nêu ra tại hội nghị Ban chấp hành Thành ủy TP HCM cuối tuần trước. - Đặt ra mục tiêu giành lại vị trí số 1 cũng như đề xuất cơ chế để TP HCM phát triển. Vậy ông có thể phác thảo cơ chế đặc thù cho TP HCM? - TP HCM đã từng là số 1 rồi chứ không phải mơ về số 1 nhưng bị TP khác vượt lên. Bây giờ chúng ta phải xuất phát từ mục tiêu \"trở lại số 1\" thì phải xây dựng cơ chế gì, làm gì? Nhưng thế thì phải nghĩ, cần sự tham gia góp ý hiến kế của mọi người. Còn khi xây dựng cơ chế thì không chỉ chuyện giữ lại bao nhiêu phần trăm ngân sách. Nếu chỉ chăm chăm theo hướng đó là thất bại, mà phải có cơ chế làm sao có được ngân sách nhiều hơn. Tức là để tỷ lệ phần trăm phân bổ không đổi nhưng con số tuyệt đối phải tăng lên. Như thế Nhà nước cũng được nhiều hơn, TP cũng có nhiều tiền hơn để tái đầu tư phát triển. TP HCM đã từng là số 1 rồi chứ không phải mơ về số 1 nhưng bị TP khác vượt lên. Bây giờ chúng ta phải xuất phát từ mục tiêu \"trở lại số 1\" thì phải xây dựng cơ chế gì, làm gì?  Bí thư Đinh La Thăng - Những ý tưởng chính của ông  là gì? Thu hút đầu tư nước ngoài, PPP… - Bây giờ tôi mới đang suy nghĩ, chưa thành chính thức, không nên nói ra mà phải để hình thành cụ thể đã. Nếu vội vàng đưa ra để rơi vào cảnh \"đẽo cày giữa đường\" thì sai hết. - Nhiều địa phương muốn có cơ chế đặc khu. Vậy cơ chế TP cần là gì?  - Đương nhiên TP cần cơ chế khác, nhưng cùng 1 mục tiêu là làm sao phát triển nhanh hơn, phát huy hết lợi thế của mình. Nghị quyết 16 năm 2012 cho phép các bộ ngành chủ động xây dựng các cơ chế đặc thù. Còn việc xây dựng cơ chế đặc khu thì khó, vì có thể được cho thành  phố nhưng khó cho cả nước. Quan điểm của tôi là cần một cơ chế để thành phố phát triển. Còn gọi là đặc khu hay mô hình chính quyền đô thị gì đó không quan trọng. Vấn đề là nội dung có phù hợp hay không. Bí thư Đinh La Thăng nói về khát vọng đưa TP HCM trở lại vị trí số 1. - Mục tiêu trở lại vị trí số 1 trong khi khoảng cách của TP HCM so với các thành phố lớn trong khu vực đã quá xa. Liệu ông có quá kỳ vọng? - Không có gì là không thể! Mình đã có 1 động lực tinh thần rất lớn, nếu không có yếu tố đó thì làm sao mình thắng được Mỹ. Nửa triệu lính Mỹ với vũ  khí hiện đại như vậy làm sao mình thắng được. Sức mạnh tinh thần, sức mạnh đoàn kết đóng vai trò quan trọng. Bí thư Thành ủy TP HCM Đinh La Thăng: \"Không gì là không thể\". Ảnh: Hoàng Hà. - Tập thể đảng bộ TP chia sẻ với suy nghĩ của ông thế nào? - TP đang thực hiện nghị quyết 16 của Bộ Chính trị chứ không phải ý tưởng mới mẻ gì của Bí thư. Không có gì mới mẻ. Nghị quyết có từ 2012. Mình đã có 1 động lực tinh thần rất lớn, nếu không có yếu tố đó thì làm sao mình thắng được Mỹ. Nửa triệu lính Mỹ với vũ  khí hiện đại như vậy làm sao mình thắng được.  - Nhưng nghị quyết này không nêu cụ thể yêu cầu đưa TP HCM trở lại vị trí số 1 mà chỉ là từng bước phấn đấu rút ngắn khoảng cách với các TP lớn trong khu vực? - Tất  nhiên. Nhưng chúng ta thường phải đặt mục tiêu khát vọng hơn chứ. Ví dụ, Quốc hội giao chỉ tiêu ngân sách cho Chính phủ, Chính phủ giao địa  phương thì HĐND bao giờ cũng giao mục tiêu cao hơn Chính phủ giao. Tức là TP đặt mục tiêu cao hơn mục tiêu của Bộ Chính trị. Không ai cấm chúng ta khát vọng trở vị vị trí số 1. - Vậy bao nhiêu năm thì TP HCM giành lại vị trí đó? - Theo bạn thì bao nhiêu năm? - Mục tiêu đảng bộ TP đưa ra là trở thành TP đáng sống, ông lại đưa ra mong muốn số 1. Hai mục tiêu này có gì mâu thuẫn? - Tại sao người ta gọi là Hòn ngọc Viễn Đông? Singapore hiện là số 1 của khu vực nhưng trước đây, ông Lý Quang Diệu nhìn về Sài Gòn và mơ ước 30 năm sau Singapore có được như Sài Gòn không? Bởi khi tách ra khỏi Malaysia và độc lập thì TP này chỉ là 1 làng chài. Vì thế số 1 đây là số 1 về tổng thể. - Có cần luật riêng cho TP HCM như đã có luật Thủ đô? - Nếu thế thì địa phương nào cũng bảo cần luật riêng. Nhưng vấn đề ở chỗ là cần thiết không? Luật hay quy chế nào đó phải phát huy được tất cả sức mạnh tiềm năng của TP làm sao huy động được nguồn lực trí tuệ, vật chất, đất đai, vị trí địa lý để đưa vào mục tiêu phát triển. - Giả sử có nhà đầu tư xin làm casino ông có đồng ý? - Một thành phố phát triển không cứ gì phải trông vào casino mà vấn đề là được cái gì và không cần cái gì. Không thể căn cứ vào ý chí chủ quan của nhà chính trị mà cần trên cơ sở phân tích đánh giá khoa học, điều kiện thực tiễn. Như thế mới là kỹ trị. - Vậy trong vô số vấn đề nhức nhối của TP như an ninh trật tự, ngập nước kẹt xe… Ông sẽ ưu tiên việc gì? - Thành phố có rất nhiều việc phải làm và phải giải quyết tất cả, từ ùn tắc giao thông, an ninh trật tự, triều cường, kẹt xe... Nếu ai đó nói rằng nếu làm tất cả là dàn trải thì chả nhẽ tội phạm cứ để đấy. Còn nếu bảo truy quét tội phạm không thôi thì ngập lụt cứ kệ? Tất nhiên là tập trung không dàn trải, nhưng không có nghĩa tập trung việc này mà bỏ việc khác mà mức độ có thể khác nhau vì nguồn lực của mình có hạn. Nghị quyết của Bộ Chính trị về phương hướng, nhiệm vụ phát triển TP HCM đến năm 2020 nêu: \"Xây dựng TP HCM văn minh, hiện đại với vai trò đô thị đặc biệt, đi đầu trong sự nghiệp công nghiệp hóa, hiện đại hóa, đóng góp ngày càng lớn với khu vực và cả nước; từng bước trở thành trung tâm lớn về kinh tế, tài chính, thương mại, khoa học - công nghệ của đất nước và khu vực Đông Nam Á...\"  \"Chúng ta tự hào có thời TP HCM ở vị trí Hòn ngọc Viễn Đông nhưng lịch sử mỗi giai đoạn một khác\", tiến sĩ Trần Du Lịch chia sẻ với Zing.vn sau phát biểu của Bí thư Thăng.","description":"\"TP HCM đặt mục tiêu cao hơn mục tiêu của Bộ Chính trị đề ra. Không ai cấm chúng ta khát vọng trở lại vị trí số 1\", Bí thư Đinh La Thăng trả lời câu hỏi của Zing.vn.","url":"http://news.zing.vn/bi-thu-thang-khong-ai-cam-khat-vong-so-1-post637753.html"}
{"title":"\u0027Giá mà Thủ tướng kỷ luật vài người\u0027","time":"10:48 29/03/2016","content":"Thảo luận về báo cáo nhiệm kỳ của Chính phủ và Thủ tướng sáng 29/3, đại biểu Trương Trọng Nghĩa cho rằng nhiệm kỳ vừa qua ngoài những thành tích mà cử tri công nhận, Chính phủ vẫn còn nhiều vấn đề tồn tại. Tình hình tham nhũng nghiêm trọng đã xâm phạm quyền lợi của người dân lương thiện và suy yếu tiềm lực đất nước, tàn phá tài nguyên quốc gia. Đặc biệt, tình hình phạm pháp đang diễn ra tràn làn và ngày càng công khai. Đại biểu Trương Trọng Nghĩa. Ảnh: Ngọc Ý \"Trong tình hình đất nước hiện nay, cử tri lo lắng nếu Chính phủ cứ điều hành theo phong cách cũ, đất nước sẽ rơi vào bẫy thu nhập trung bình\", ông Nghĩa lo lắng. Cho rằng trách nhiệm để xảy ra tình trạng ấy là của cả hệ thống chính trị, nhưng ông Nghĩa nhấn mạnh, Chính phủ có vai trò chủ công.  \"Trong nhiệm kỳ vừa qua, cử tri cho rằng giá mà Thủ tướng sớm xử lý kỷ luật một số vụ có lẽ tình hình sẽ cải thiện hơn. Không nên chờ đến khi đổ bể, họ phải ra tòa. Cử tri đề nghị Chính phủ tới đây phải cải cách cách thức điều hành, Thủ tướng phải mạnh dạn kỷ luật, thậm chí thay thế các thứ trưởng, bộ trưởng, phó chủ tịch, chủ tịch UBND cấp tỉnh có sai phạm hoặc không hoàn thành nhiệm vụ, không đợi hết nhiệm kỳ thì sẽ chấm dứt tình trạng trên bảo dưới làm lơ\", ông Nghĩa nói.  Bứt phá ngoạn mục Còn đại biểu Trần Quốc Khánh chia sẻ, sau kỳ lấy phiếu tín nhiệm lần đầu, Thủ tướng và các bộ trưởng bứt phá ngoạn mục, đáng ghi nhận. Như Bộ trưởng Đinh La Thăng xông xáo, nói được làm được, Thống đốc Nguyễn Văn Bình bình tĩnh, biết chia sẻ khó khăn với dân, Bộ trưởng Trịnh Đình Dũng kiên trì gói tín dụng 30.000 tỷ đồng, Bộ trưởng Nguyễn Quân khiêm nhường, tháo gỡ nút thắt khó khăn cho khoa học công nghệ đã thành công. Các bộ trưởng Bùi Quang Vinh, Đinh Tiến Dũng, Hoàng Tuấn Anh, quyết liệt thay đổi. Trong khi đó, đại biểu Nguyễn Ngọc Phương đánh giá nhiều báo cáo chưa cân đối giữa thành tích và hạn chế. Ví dụ như báo cáo tổng kết nhiệm kỳ của Viện Kiểm sát Nhân dân Tối cao có tới 30 trang kết quả đạt được nhưng chỉ có nửa trang nêu hạn chế. Báo cáo của Tòa án Nhân dân Tối cao có 23 trang kết quả nhưng chưa đầy 1 trang nêu hạn chế.  Nhiều tồn đọng như việc để xảy ra oan sai, bỏ lọt tội phạm, tạm giam tạm giữ bị đánh chết, bị bức cung, bị nhục hình, tiêu cực trong truy tố và điều tra nhưng không thấy trong báo cáo. Chủ tịch nước và Chính phủ chưa phối hợp rõ nét Đối với công tác của Chủ tịch nước, theo đại biểu Bùi Văn Phương (Ninh Bình), thực tế hoạt động của Chủ tịch nước chưa đáp ứng được những kỳ vọng đó. Hạn chế đó của Chủ tịch nước cũng là do hành lang pháp lý chưa được hoàn thiện. Đồng tình, đại biểu Nguyễn Anh Sơn (Nam Định) dẫn lời phản ánh của cử tri cho biết: \"Chủ tịch nước và Phó chủ tịch nước khi tiếp xúc cử tri, khi làm việc ở các địa phương luôn luôn thể hiện mong muốn, quyết tâm chống tham nhũng, căm ghét những kẻ tham nhũng, thái độ rất rõ ràng”.  Tuy nhiên, Trưởng đoàn đại biểu Quốc hội Nam Định cho hay cử tri và cả bản thân ông rất băn khoăn: “Không biết là Chủ tịch nước, Phó chủ tịch nước đứng ở vị trí nào trong trận chiến đấu tranh chống lại tham nhũng? Chủ tịch nước được làm gì và làm được gì trong việc chống lại tham nhũng?” Theo ghi nhận của đại biểu Sơn, trong nhiều mặt hoạt động chưa thể hiện rõ quyền lực của Chủ tịch nước.  Tuy nhiên, theo ông Sơn, ngoài hạn chế do hành lang pháp lý, thì \"mối quan hệ phối hợp điều hành hành giữa Chủ tịch nước và Chính phủ là chưa rõ, chưa cụ thể trong việc giải  quyết vấn đề quốc kế dân sinh, vấn đề quan trọng của đất nước\". “Cá nhân Chủ tịch nước thấy rất cố gắng, hết mình để làm việc vì dân vì nước nhưng do hạn chế trong quy định về chế định Chủ tịch nước nên cũng khó” - ông Sơn tiếc nuối.  Chủ tịch nước Trương Tấn Sang cho rằng, dù Hiến pháp và luật sửa đổi trao quyền lực hiệu quả, thực chất hơn cho Chủ tịch nước nhưng vẫn còn một số vướng mắc về cơ chế.  Trao đổi về việc vi phạm pháp luật tràn lan, đại biểu Quốc hội Nguyễn Mạnh Cường cho rằng hiện kỷ cương, kỷ luật đang đi xuống, người chấp hành pháp luật nhiều khi bị coi là hâm.","description":"Đại biểu Trương Trọng Nghĩa thông tin, nhiều cử tri cho rằng giá mà trong nhiệm kỳ vừa qua Thủ tướng sớm xử lý, kỷ luật một vài vụ sẽ chấm dứt được tình trạng trên bảo dưới làm lơ.","url":"http://news.zing.vn/gia-ma-thu-tuong-ky-luat-vai-nguoi-post637721.html"}
{"title":"Vụ 1.000 tỷ lát đá vỉa hè: Quận 1 không xin tiền TP","time":"10:39 29/03/2016","content":"Sáng 29/3, UBND Quận 1 (TP HCM) tổ chức họp báo thông tin tình hình kinh tế - văn hóa - xã hội, quốc phòng - an ninh 3 tháng đầu năm 2016.  Liên quan đến kế hoạch lát đá vỉa hè toàn bộ các tuyến đường trên địa bàn, bà Nguyễn Thị Thu Hường - Phó chủ tịch UBND quận 1 - cho rằng kinh phí 1.000 tỷ lát đá vỉa hè của 134 tuyến đường là chưa chính xác. Đây chỉ là số tiền mà các doanh nghiệp trên địa bàn cam kết hỗ trợ cho quận để thực hiện kế hoạch chỉnh trang đô thị. Theo bà Hường, kinh phí thực hiện dự án cụ thể bao nhiêu thì quận tính toán kỹ trong lộ trình thực hiện đến năm 2019, sau khi có ý kiến đồng ý chủ trương của UBND TP. Các doanh nghiệp sẽ ứng vốn cho quận thực hiện không lấy lãi và hoàn trả lại trong thời gian 3 - 5 năm. \"Quận 1 hạn chế tối đa sử dụng ngân sách để đầu tư chỉnh trang đô thị. Ngân sách quận dành để chăm lo người nghèo, diện chính sách. Đối với việc thực hiện các công trình chỉnh trang đô thị, chúng tôi không xin TP tiền mà chỉ xin cơ chế để thu hút đầu tư\", bà Hường nói.  Bà Nguyễn Thị Thu Hường cũng thông tin thêm, quận sẽ làm lại kế hoạch chi tiết, tổng thể về chỉnh trang đô thị với sự tư vấn, hỗ trợ của các chuyên gia về nguyên liệu, chất liệu cho hợp lý. Tiền trả chậm cho doanh nghiệp lấy từ nguồn thu ngân sách vượt kế hoạch và doanh thu quảng cáo từ các doanh nghiệp trên địa bàn. Trong quá trình thực hiện, quận cân nhắc thăm dò một số nội dung liên quan hoặc có ảnh hưởng đến cuộc sống sinh hoạt của người dân, trước mắt thí điểm lát đá vỉa hè đường Nguyễn Thị Minh Khai, Nguyễn Thái Học, Phùng Khắc Khoan, Đồng Khởi và Công xã Paris. \"Việc thi công sẽ tiến hành nhanh, đồng bộ để sớm trả lại vỉa hè cho người đi bộ, giảm thiểu ảnh hưởng đến người dân\", Phó chủ tịch quận 1 cho biết.  Trước đó UBND quận 1 đề xuất kế hoạch lát toàn bộ vỉa hè thuộc 134 tuyến đường bằng đá granit như phố đi bộ Nguyễn Huệ với tổng kinh phí hơn 1.000 tỷ đồng. Theo kế hoạch, trong số 134 tuyến đường thì 80 tuyến sẽ thực hiện trong quý II/2016, thí điểm 5 tuyến đường Nguyễn Thị Minh Khai, Nguyễn Thái Học, Phùng Khắc Khoan, Đồng Khởi và Công xã Paris. Số vốn để thực hiện do các doanh nghiệp đầu tư và quận trả chậm trong 3-5 năm không tính lãi suất. Theo lãnh đạo quận 1, để triển khai dự án, quận phải lập kế hoạch chi tiết và làm việc với các sở, ban, nghành, đơn vị liên quan như điện, nước, viễn thông… để ngầm hóa hạ tầng. Hiện nay trên địa bàn quận 1 có 134 tuyến đường, ngoài Lê Duẩn, Nguyễn Huệ có vỉa hè lót đá hoa cương thì các tuyến khác đều lót gạch, đang xuống cấp, ảnh hưởng đến mỹ quan đô thị và du lịch TP.   UBND quận 1 (TP HCM) đề xuất kế hoạch lát toàn bộ vỉa hè 134 tuyến đường bằng đá granite với kinh phí 1.000 tỷ đồng. \"Dự án này quá lãng phí\", đại biểu HĐND Lâm Thiếu Quân nói.","description":"Phó chủ tịch UBND quận 1 cho rằng kinh phí 1.000 tỷ lát đá vỉa hè của 134 tuyến đường là chưa chính xác. Chính quyền sẽ lắng nghe các chuyên gia trong dự án này.","url":"http://news.zing.vn/vu-1000-ty-lat-da-via-he-quan-1-khong-xin-tien-tp-post637740.html"}
{"title":"Lâm Đồng nâng cảnh báo dịch do virus Zika lên mức độ 2","time":"10:25 29/03/2016","content":"Sáng 29/3, một lãnh đạo Sở Y tế tỉnh Lâm Đồng cho biết, Bộ Y tế vừa đề nghị địa phương nâng cảnh báo dịch bệnh do virus Zika lên mức độ 2. Theo vị này, du khách Australia nhiễm virus Zika đi du lịch qua các tỉnh trong đó có Lâm Đồng. 28/3 là ngày đầu tiên địa phương lấy mẫu đối với các ca bệnh có chẩn đoán sốt xuất huyết. Sở đã thành lập tổ công tác, thu thập mẫu xét nghiệm tại Bệnh viện Đa khoa Lâm Đồng I (TP Đà Lạt) và Bệnh viện Đa khoa Lâm Đồng II (TP Bảo Lộc). Sau khi thu thập các mẫu bệnh có biểu hiện sốt, Sở sẽ gửi về Viện Pasteur TP HCM xét nghiệm.  “Địa phương có nguy cơ lây nhiễm virus Zika khá cao bởi thường xuyên đón khách quốc tế đến lưu trú, nghỉ dưỡng. Chúng tôi đã tăng cường giám sát dịch tễ tại khu dân cư, khu du lịch, các điểm khách nước ngoài thường xuyên lưu trú”, vị này cho biết.  Trước đó, một du khách Australia đến Việt Nam vào 26/2, về nước vào 6/3. Đến 8/3, du khách trên có biểu hiện triệu chứng nhiễm virus Zika như sốt, phát ban, đau đầu, đau cơ, viêm kết mạc, buồn nôn. Trong thời gian ở Việt Nam, người này đã đi đến TP HCM, Lâm Đồng, Khánh Hòa và Bình Thuận. Ngay sau khi nhận được thông tin từ Cơ quan đầu mối của WHO, thứ trưởng Bộ Y tế Nguyễn Thanh Long đã đến các Khánh Hòa, Bình Thuận để làm việc với lãnh đạo tỉnh và các Sở, ban, ngành liên quan, chỉ đạo công tác giám sát, xác minh và triển khai các hoạt động phòng chống dịch do virus Zika.  Viện Vệ sinh dịch tễ Trung ương nhận định, loại muỗi vằn tự nhiên có tác nhân sinh học Wolbachia đang nuôi thử nghiệm tại đảo Trí Nguyên có khả năng ức chế virus Zika.","description":"Sau khi một du khách nước ngoài nhiễm bệnh do virus Zika, Bộ Y tế đã yêu cầu Sở Y tế Lâm Đồng nâng cảnh báo dịch bệnh lên mức độ 2.","url":"http://news.zing.vn/lam-dong-nang-canh-bao-dich-do-virus-zika-len-muc-do-2-post637737.html"}
{"title":"​Nổ lò hơi công ty gạch men, 2 người chết","time":"10:09 29/03/2016","content":"Tới 9h sáng 29/3, lực lượng chức năng tỉnh Bình Dương vẫn đang phong tỏa hiện trường để xử lý vụ tai nạn nghiêm trọng xảy ra khoảng 7h25 cùng ngày tại công ty TNHH Shi Jar (vốn FDI Đài Loan), nằm trên đường Nguyễn Thái Bình, KP 9, phường Phú Hòa, TP Thủ Dầu Một, Bình Dương. Xe cứu thương đã được điều tới hiện trường. Liên đoàn lao động tỉnh Bình Dương cũng đã cử cán bộ tham gia cùng đoàn liên ngành tới để xác minh vụ tai nạn. Hiện trường vụ nổ Theo các nhân chứng, vụ tai nạn xảy ra vào khoảng 7h25, khi các công nhân bắt đầu vào làm ca sáng (bắt đầu từ 7h). Lúc này có hàng chục công nhân đang làm việc trong nhà máy thì bất ngờ có tiếng nổ lớn, kèm theo khói bay mù mịt tại khu vực lò hơi. Anh Nguyễn Văn Phát (30 tuổi, quê Kiên Giang) làm gần lò hơi kể: sau vụ nổ, tôi vội vàng chạy tới thì thấy hai thi thể nằm cách lò hơi vài chục mét, đứt rời chân, bị cháy đen. Còn nhân chứng Hoàng Văn Quang (24 tuổi, quê Hà Tĩnh, làm bộ phận nghiền) cho biết khi vụ nổ xảy ra, anh và các công nhân đã  sử dụng hàng chục bình chữa cháy mới dập tắt được đám cháy. Theo ghi nhận của Tuổi Trẻ, sức ép từ vụ nổ lò hơi quá lớn khiến nhiều thanh sắt  lớn bay xa hàng chục mét từ trong công ty ra ngoài đường và rớt xuống nhà dân xung quanh. Rất may các thanh sắt này đã không rơi trúng đầu ai. Lực lượng chức năng đã thu giữ được nhiều thanh sắt văng ra từ vụ nổ dài tới 2-3 m. Danh tính cụ thể của hai nạn nhân vẫn đang được xác định. Trong đó, có một người được xác định tên Tâm, khoảng 26 tuổi, mới vào làm được khoảng vài tuần. Công ty Shi Jar là công ty chuyên sản xuất gạch, hầu hết công nhân đều là đàn ông.","description":"Khi các công nhân vừa vào ca sáng thì lò hơi bất ngờ nổ tung khiến 2 công nhân tử vong tại chỗ, hàng chục công nhân hoảng loạn bỏ chạy khỏi hiện trường.","url":"http://news.zing.vn/no-lo-hoi-cong-ty-gach-men-2-nguoi-chet-post637734.html"}
{"title":"\u0027Dừng đèn đỏ đúng luật bị coi là hâm\u0027","time":"09:41 29/03/2016","content":"Ngày 29/3, đại biểu Quốc hội tiếp tục thảo luận về  Báo cáo công tác nhiệm kỳ 2011-2016 của Chủ tịch nước; Báo cáo công tác nhiệm kỳ 2011-2016 của Chính phủ, Thủ tướng; Báo cáo công tác nhiệm kỳ 2011-2016 của Chánh án Tòa án nhân dân tối cao; Báo cáo công tác nhiệm kỳ 2011-2016 của Viện trưởng Viện kiểm sát nhân dân tối cao. Đại biểu Nguyễn Mạnh Cường (Quảng Bình) nhận định sau nhiệm kỳ vừa qua, dù đã làm được rất nhiều điều như báo cáo tổng kết nhiệm kỳ đã nêu, nhưng Chính phủ nói chung, các bộ ngành nói riêng vẫn còn nhiều \u0027món nợ\u0027 với người dân. Như năng suất lao động thấp, tham nhũng lãng phí, vấn đề chủ quyền biển đảo, tai nạn giao thông, an toàn thực phẩm, hàng nhái hàng giả... Theo đại biểu Cường, gốc rễ của các \"món nợ\" đó là ý thức chấp hành pháp luật của công chức và công dân chưa tốt. Nêu ví dụ về người Nhật Bản đã đứng dậy sau thảm họa sóng thần, đại biểu Cường khẳng định đó là do người Nhật có ý thức chấp hành pháp luật tốt. Trong khi đó, đại biểu nhận định \"ý thức chấp hành pháp luật của người Việt đang đi xuống\".  \"Tham nhũng lãng phí, hàng giả, vi phạm trật tự công cộng, luật an toàn giao thông diễn ra phổ biến. Người chấp hành pháp luật khi dừng xe khi có đèn đỏ mà không có cảnh sát giao thông lại bị coi là hâm\" - ông Cường trăn trở. Đại biểu Cường nêu câu hỏi: Vậy ý thức chấp hành pháp luật kém có phải bản chất của người Việt? Khi người Việt ra nước ngoài thì rất nghiêm túc nhưng khi về nước lại vi phạm pháp luật tràn lan. Hay người nước ngoài ở nước họ thì nghiêm chỉnh nhưng khi sang Việt Nam lại mặc nhiên vi phạm pháp luật. Vị đại biểu này cho rằng, nếu chỉ tuyên truyền pháp luật theo kiểu treo pano, dán biểu ngữ thì không đủ. Pháp luật cần đảm bảo tính khả thi. Ví dụ cấm xả rác thì phải có thùng rác công cộng. Hình phạt nghiêm minh, nhưng phải phù hợp với thực tiễn. Không để xảy ra tình trạng vi phạm xây dựng, phạt nhưng cho tồn tại. Đừng để kẻ côn đồ đi ngược chiều, không mũ bảo hiểm, vượt đèn đỏ không bị phạt mà người hiền lành lấn làn là bị xử phạt. Tương tự, với người vi phạm giao thông không cần truy đuổi để đảm bảo an toàn nhưng sau đó cũng không truy tìm để xử phạt. \"Đừng ban hành quy đinh, thông tư kiểu như bắt buộc xe ôtô con phải có bình chữa cháy. Như vậy làm mất quyền uy của pháp luật\" - ông Cường nói. “Nếu vị lãnh đạo Đảng, Nhà nước nào làm được điều này sẽ ghi dấu ấn với lịch sử đất nước” - đại biểu Nguyễn Mạnh Cường chia sẻ. Cùng quan điểm này, đại biểu Nguyễn Thị Khá gợi ý Chính phủ phải có khảo sát để xem việc chấp hành pháp luật ra sao? Ví dụ như trong Luật giao thông đường bộ, chưa có nơi nào đánh giá xem người dân thực hiện bao nhiêu %. Đằng sau tình trạng vi phạm đó là gì, có phải việc xử lý chưa nghiêm, chưa công khai minh bạch.  Theo bà Khá, tham nhũng, lãng phí hay dùng chất cấm trong thực phẩm, xây dựng trái phép, cướp của, giết người diễn ra hằng ngày, trước mặt mọi người cần phải chỉ ra được nguyên nhân, ai chịu trách nhiệm. Còn đại biểu Trương Trọng Nghĩa lại cho rằng, cử tri phản ánh nếu trong nhiệm kỳ vừa qua Thủ tướng mạnh dạn kỷ luật, thậm chí thay thế một số thứ, bộ trưởng, phó - chủ tịch tỉnh, thành thì sẽ chấm dứt được tình trạng trên bảo dưới làm ngơ, đảm bảo việc thực thi của pháp luật.   Đại biểu Quốc hội Trương Trọng Nghĩa đánh giá, hiện nay người dân đang cảm thấy mất an toàn hơn nhiều năm trước vì tài sản, tính mạng, nhân phẩm thường xuyên bị đe dọa.","description":"Trao đổi về việc vi phạm pháp luật tràn lan, đại biểu Quốc hội Nguyễn Mạnh Cường cho rằng hiện kỷ cương, kỷ luật đang đi xuống, người chấp hành pháp luật nhiều khi bị coi là hâm.","url":"http://news.zing.vn/dung-den-do-dung-luat-bi-coi-la-ham-post637712.html"}
{"title":"Để lọt chất gây ung thư ra ngoài: Trách nhiệm thuộc về ai?","time":"09:27 29/03/2016","content":"Thông tin từ Cục cảnh sát môi trường cho thấy trong 2 năm 2014 và 2015, Bộ Y tế đã cấp phép nhập khẩu Salbutamol cho 20 doanh nghiệp. Trong đó, đã có 16 doanh nghiệp nhập khẩu về với khối lượng 9,1 tấn và đã có khoảng 6 tấn đã bán ra thị trường. Trên thực tế, việc sử dụng Salbutamol đúng mục đích chỉ được hơn 10 kg. Điều này khiến người dân hết sức hoang mang, lo lắng bởi Salbutamol là chất có thể gây ung thư, được tuồn ra ngoài dùng tràn lan để chăn nuôi heo, cung cấp thực phẩm cho người. Tuy nhiên, số liệu các Bộ, ngành đưa ra lại “vênh” nhau và chưa đơn vị nào đứng ra chịu trách nhiệm cho vụ việc này, đặc biệt đối với sức khỏe của hàng triệu người dân ăn phải thịt heo chứa chất cấm. Tại hành lang kỳ họp thứ 11 Quốc hội khóa XIII, đại biểu Quốc hội TP HCM Phạm Khánh Phong Lan (Phó giám đốc Sở Y tế TP HCM) khẳng định, trách nhiệm đầu tiên trong vụ việc này thuộc về Bộ Y tế. Có khuất tất trong việc nhập Salbutamol - Thưa đại biểu Quốc hội Phạm Khánh Phong Lan, theo bà, trách nhiệm để lọt hàng tấn chất cấm ra ngoài, sử dụng sai mục đích thuộc về cơ quan nào? - Salbutamol là một dược chất, cho nên trách nhiệm đầu tiên thuộc về ngành Y tế. Không chỉ Salbutamol mà tất cả các dược chất khác, những hoạt chất nhập khẩu nguyên liệu về làm thuốc nếu như sử dụng sai mục đích sẽ dẫn đến hậu quả hết sức tai hại. Cho nên, ngành Dược là ngành kinh doanh có điều kiện và chúng ta có đầy đủ hệ thống về cấp giấy kinh doanh, thực hành tốt phân phối thuốc, nhập khẩu… cho các doanh nghiệp. Tuy nhiên, vấn đề đặt ra là chúng ta vận hành như thế nào, cơ chế hậu kiểm ra sao? Tôi nghĩ, vụ việc này lặp lại bài học trước đây về tiền chất Pseudoephedrine. Tức là các quy định thì nhiều, có vẻ rất chặt chẽ nhưng sau đó tiền chất này vẫn xuất hiện trên thị trường và rất nhiều doanh nghiệp nhập về, không phải vì mục đích dùng làm thuốc, mà tiền chất cho ma túy. Còn với Salbutamol thì làm chất tạo nạc cho thịt heo. Tôi xin khẳng định, đã là dược chất sử dụng sai mục đích đều có hại. Do đó, bây giờ chúng ta phải xem lại cơ chế quản lý. Như việc nhập khẩu Salbutamol vừa xảy ra. Mỗi chuyện nhập khẩu chính thức, chưa nói nhập lậu, số lượng là bao nhiêu mà các Bộ (Công an, Nông nghiệp – Phát triển nông thôn, Y tế - PV) còn cãi nhau như thế này thì không ổn. Theo tôi, ở đây cần phân cấp quản lý. Chúng ta không có sự liên thông nào để cung cấp thông tin cho nhau, để khi thấy có sự gia tăng bất thường về số lượng nhập khẩu thì phải đặt dấu hỏi và thông báo để các cơ quan chức năng cùng nhau kiểm soát, xem thực sự những hoạt chất đó nhập về có được sử dụng đúng mục đích hay không? Số lượng các nhà máy chúng ta biết, số đăng ký cũng biết, bao nhiêu doanh nghiệp sản xuất loại thuốc đó và tổng đưa ra thị trường là bao nhiêu cần phải nắm được. Như vậy, nếu như có con số chênh lệch với hóa dược nhập khẩu thì có thể suy ra ngay. Do đó có những khuất tất ở đây, vì doanh nghiệp đưa ra với mục đích khác. Thực tế qua kiểm tra của Cục quản lý dược mới đây, khi xảy ra chuyện Salbutamol bị tuồn ra ngoài, cũng đã phát hiện ra một số công ty hóa dược nhập khẩu về nhưng sau đó không phải bán cho các nhà máy để làm thuốc mà cho mục đích khác. Ở đây có lỗ hổng, cơ quan quản lý chỉ cấp phép, còn doanh nghiệp làm gì thì không biết. Công ty Trường Phú (Hải Dương) bị phát hiện có 7 mẫu nhiễm chất cấm Salbutamol trong thức ăn chăn nuôi. - Bà có bình luận gì về con số nhập khẩu Salbutamol được đưa ra? - Tôi không có tư cách gì để đưa ra một con số cụ thể, vì tôi đâu có được báo cáo về vấn đề này? Tuy nhiên ở đây cho thấy một điều đáng buồn, là con số thống kê của chúng ta có vấn đề. Tại kỳ họp Quốc hội cũng đã chỉ rõ. Ngay cả số liệu Salbutamol được nhập chính thức cũng không chính xác, con số không thống nhất, thì làm sao chúng ta thống kê được số lượng nhập lậu. Tôi nghĩ, bây giờ thời buổi công nghệ thông tin đầy đủ, chúng ta có thể làm được. Nếu như thị trường có nhu cầu mà chúng ta kiểm soát biên giới không tốt thì ắt sẽ có nhập lậu. Như vậy thì làm sao có thể quản lý tốt được? Bên cạnh đó, sự phối hợp giữa các Bộ ngành cũng chưa tốt. Rõ ràng việc “gác cửa” cho người dân rất hên xui. Salbutamol mới chỉ là bề nổi, còn bao nhiêu dược chất khác nữa cũng cần lưu tâm. Tác hại khôn lường khi ăn thịt heo tồn dư chất cấm - Salbutamol có tác hại như thế nào nếu không được sử dụng đúng mục đích, thưa bà? - Bản thân Salbutamol là một dược chất, nên phải được sử dụng đúng mục đích làm thuốc. Chúng ta có điều luật để quản lý, nếu làm thuốc giả hay thuốc kém chất lượng thì xử phạt rất nặng. Trong trường hợp Salbutamol sử dụng làm chất tạo nạc và nó lưu trữ trong thịt heo, con người ăn vào sẽ tích tụ trong cơ thể. Rõ ràng khi ăn vào ngoài ý muốn, người dân không biết, vậy có khác nào người dân tiêu thụ thuốc kém chất lượng? Đương nhiên mỗi loại dược chất đều có cơ chế đặc thù, nhưng nếu như người dân đó mai sau khi cần sử dụng thuốc thật thì sẽ dẫn đến tình trạng nhờn thuốc, chưa kể mỗi loại thuốc bên cạnh tác dụng chính còn có tác dụng phụ. Ở đây người dân ăn thịt heo chứ đâu phải trị bệnh, vì thế người dân phải chịu cả tác dụng dược lý của Salbutamol cũng như tác dụng phụ của nó. Do đó sẽ có nguy cơ ngộ độc, nguy cơ về mặt sức khỏe… Tùy từng hoạt chất phải có nghiên cứu thấu đáo thì mới kết luận, nhưng chắc chắn là rất có hại.  - Là một nhà quản lý về dược, bà có khuyến nghị gì sau sự việc này? - Tôi cho rằng, cần phải xem xét lại cơ chế phối hợp quản lý. Chính vì vậy đóng góp về Luật Dược, tôi đề nghị xem lại mô hình quản lý. Còn bây giờ “cơ chế chịu trách nhiệm tập thể” thì thật chán ngán. Cái gì cũng tập thể, chung chung; còn người ký cho nhập về họ sẽ cãi là tập thể quyết, nhưng lúc thành tích thì là của cá nhân. Cho nên chúng ta cần một bộ máy đủ sức mạnh, không bị can thiệp, không chồng chéo và không đổ lỗi trách nhiệm cho nhau. Các nước đã thực hiện rồi và chúng ta càng phải làm cấp bách hơn, nếu không mãi mãi người dân cuối cùng lãnh đủ hết. Thông tin mới nhất từ Cục Quản lý Dược, Bộ Y tế, sau khi có phản ánh về tình trạng sử dụng Salbutamol trong chăn nuôi, Cục Quản lý Dược ngay lập tức đã có văn bản tới Tổng cục Hải quan và Sở Y tế yêu cầu tạm dừng xuất nhập khẩu hoạt chất này. Cục đã phối hợp chặt chẽ với C49 Bộ Công an đi kiểm tra các doanh nghiệp xuất nhập khẩu; báo cáo Bộ Y tế, ra quyết định đình chỉ và tước giấy phép kinh doanh của 3 đơn vị nhập khẩu Salbutamol do bán hoạt chất này không đúng mục đích, chuyển hồ sơ sang Cục Cảnh sát chống tội phạm môi trường (C49) điều tra, xử lý.  Nhằm hạn chế lạm dụng chất cấm Salbutamol tạo nạc trong chăn nuôi, Cục Quản lý Dược (Bộ Y tế) đề xuất đưa Salbutamol vào diện kiểm soát đặc biệt.","description":"Đại biểu Quốc hội Phạm Khánh Phong Lan khẳng định, trách nhiệm đầu tiên trong vụ nhập và quản lý hàng nghìn tấn hoạt chất Salbutamol thuộc về Bộ Y tế.","url":"http://news.zing.vn/de-lot-chat-gay-ung-thu-ra-ngoai-trach-nhiem-thuoc-ve-ai-post637709.html"}
{"title":"Chủ tịch UBND TP Nguyễn Đức Chung bổ nhiệm 3 Giám đốc Sở","time":"09:17 29/03/2016","content":"Cụ thể, tại Quyết định số 1469/QĐ-UBND, Chủ tịch UBND TP Hà Nội tiếp nhận, bổ nhiệm ông Hà Minh Hải (sinh ngày 14/2/1969), Thành ủy viên, Cục trưởng Cục Thuế TP Hà Nội đến nhận công tác tại Sở Tài chính Hà Nội, giữ chức vụ Giám đốc Sở.  Tại Quyết định số 1466/QĐ-UBND, Chủ tịch UBND TP Hà Nội điều động, bổ nhiệm ông Lê Vinh (sinh ngày 20/3/1959), Viện trưởng Viện Quy hoạch xây dựng Hà Nội đến nhận công tác tại Sở Quy hoạch Kiến trúc Hà Nội, giữ chức vụ Giám đốc Sở. Tại Quyết định số 1468/QĐ-UBND, Chủ tịch UBND TP Hà Nội điều động, bổ nhiệm ông Nguyễn Văn Tứ (sinh ngày 2/9/1965), Chủ tịch UBND quận Nam Từ Liêm đến nhận công tác tại Sở Kế hoạch và Đầu tư, giữ chức vụ Giám đốc Sở.  Trước đó, ông Nguyễn Thế Hùng - Giám đốc Sở Quy hoạch - Kiến trúc Hà Nội; ông Ngô Văn Quý - Giám đốc Sở Kế hoạch và Đầu tư Hà Nội; ông Nguyễn Doãn Toản - Giám đốc Sở Tài chính Hà Nội, đã được HĐND TP Hà Nội bầu làm Phó Chủ tịch UBND TP tại kỳ họp thứ 15, HĐND TP khóa XIV. Sau đó, Thủ tướng Nguyễn Tấn Dũng đã phê chuẩn kết quả bầu cử nói trên.","description":"Ngày 28/3, Chủ tịch UBND TP Hà Nội Nguyễn Đức Chung đã ký quyết định bổ nhiệm Giám đốc các Sở: Tài chính; Quy hoạch Kiến trúc; Kế hoạch và Đầu tư, có hiệu lực ngay trong ngày.","url":"http://news.zing.vn/chu-tich-ubnd-tp-nguyen-duc-chung-bo-nhiem-3-giam-doc-so-post637705.html"}
{"title":"‘Tôi không kỳ vọng nhiều về vị trí số 1 của TP HCM’","time":"06:45 29/03/2016","content":"- Bí thư Thành ủy TP HCM Đinh La Thăng vừa đề xuất xây dựng TP HCM thành đặc khu kinh tế như Thượng Hải và một số TP khác với các cơ chế đặc biệt. Ông suy nghĩ thế nào về đề xuất này? - Tôi ủng hộ tinh thần của Bí thư là TP HCM cần có đột phá về thể chế để phát huy hết tiềm năng, vị thế, đóng góp cho sự phát triển của khu vực phía Nam và đặc biệt đóng vai trò trung tâm động lực tăng trưởng kinh tế của cả nước. Còn cụ thể về mô hình phát triển, tôi không cho là nên theo mô hình đặc khu mà vẫn là thành phố như luật định hiện nay. Mô hình đặc khu hoàn toàn khác. Không thể tổ chức cả TP HCM thành đặc khu như Vân Đồn hay Phú Quốc được. Trong để án nghiên cứu từ 2007 mà tôi là người chấp bút, chúng tôi đã nghiên cứu cả Thượng Hải (Trung Quốc), Busan (Hàn Quốc), Paris (Pháp)… để đưa ra mô hình gần với điều kiện của TP HCM. Trong đó, nghiên cứu Thượng Hải rất quan trọng. Tôi không cho là nên theo mô hình đặc khu mà vẫn là thành phố như luật định hiện nay. Mô hình đặc khu hoàn toàn khác. Không thể tổ chức cả TP HCM thành đặc khu như Vân Đồn hay Phú Quốc được. TS Trần Du Lịch Tôi muốn TP HCM là chính quyền đô thị trọng tính tự quản, tự chịu trách nhiệm cao. Ví dụ, trong chính quyền TP HCM thì ông thị trưởng nắm cái gì, cái gì giao các sở quản lý trực tiếp thay vì tham mưu trình UBND, để họ chịu trách nhiệm. Điều này sẽ giảm hội họp, chấm dứt tình trạng cái gì dễ thì dưới làm, khó cái là đưa lên ủy ban rồi họp hành liên miên. TP có hai công cụ quan trọng để tiếp tục xây dựng mô hình chính quyền đô thị và xây dựng cơ chế tự chủ nhiều hơn. Thứ nhất, Nghị quyết 20 của Bộ Chính trị năm 2002 và Nghị quyết 16 tổng kết 10 năm thực hiện nghị quyết 20 có đoạn: đối với những vấn đề luật chưa quy định hoặc quy định chưa phù hợp thì thành phố đề nghị Chính phủ cho làm thí điểm. Công cụ thứ hai là chúng ta có Luật Tổ chức chính quyền địa phương, đưa ra 3 cơ chế: phân quyền, phân cấp và ủy quyền. Dù còn một số hạn chế nhưng TP HCM đang quay lại mô hình chính quyền đô thị như Bí thư nói. Khu đô thị mới ở Q.7, TP HCM Ảnh:  - Như ông nói, động lực giải phóng tiềm năng của TP HCM là tăng tính tự chủ, tự chịu trách nhiệm. Vậy đối chiếu với khung pháp lý sau khi có Hiến pháp 2013 và Luật Tổ chức chính quyền địa phương, ông thấy TP có thể triển khai, áp dụng như thế nào? - Từ 2007, Bộ Chính trị đã cho phép TP nghiên cứu xây dựng mô hình chính quyền đô thị. Thực sự, từ lâu, nhiều ý kiến cho rằng với cơ chế tổ chức chính quyền địa phương cơ bản như các tỉnh, sau này quyền hạn có lớn hơn, là chiếc áo quá chật cho cơ thể lớn mạnh. Tôi từng nhiều lần nói về tồn tại lớn nhất trong nền hành chính Việt Nam là biến sự thống nhất về mặt quản lý với sự đồng nhất với mô hình quản lý. Nôm na là ta đan một loại lưới mà muốn bắt mọi loại cá. Không bao giờ bắt được! Là người chấp bút cho mô hình từ 2007, tôi thấy có 4 điều cần thực hiện: Một, tổ chức TP HCM thành 4 thành phố trực thuộc là các thành phố đông, tây, nam, bắc. Mỗi thành phố có quy mô 1 triệu dân. Tại sao lại tổ chức 4 thành phố trực thuộc TP HCM? Là để tăng tính tự chủ cho các thành phố này, phát triển như một thành phố đô thị. Như vậy, TP HCM trở thành 5 chủ thể tự chủ thay vì 1 như hiện nay. Việc tổ chức thành 4 thành phố trực thuộc có thể thực hiện ngay vì đã có nghiên cứu kỹ cả về dân số, địa lý... Gom ba quận thành một đô thị thì bộ máy đã giảm, từ thành phố xuống phường luôn. Rõ ràng giảm đi khá nhiều bộ máy và tăng tự chủ lên. Rất may luật chính quyền địa phương đã cho phép tổ chức “thành phố trong thành phố”, đây là điểm rất quan trọng. Thứ hai là tăng tính phân quyền, tức là minh bạch nhiệm vụ nào của Trung ương, Chính phủ; nhiệm vụ nào của thành phố và giao cho HĐND quy định. Điều này luật Chính quyền địa phương đã nêu, dù chưa cụ thể nhưng bây giờ ta nghiên cứu từng điểm để kiến nghị Trung ương. TS Trần Du Lịch, 64 tuổi, Phó Trưởng Đoàn chuyên trách Đoàn Đại biểu Quốc hội thành phố Hồ Chí Minh khóa XIII; Ủy viên Uỷ ban Kinh tế của Quốc hội; Thành viên Hội đồng lý luận Trung ương Đảng; Thành viên Hội đồng tư vấn chính sách tài chính tiền tệ Quốc gia. Nguyên Viện trưởng Viện Kinh tế TP HCM. Ba là TP phải xây dựng cơ chế các sở không còn là cơ quan tham mưu mà là cơ quan quản lý nhà nước. Ví dụ quyền quản lý nhà nước trong lĩnh vực xây dựng thuộc về Giám đốc Sở Xây dựng. Chúng ta tăng quyền và trách nhiệm lên để giảm các thủ tục, tránh việc gì cũng trình lên UBND TP, dẫn tới hội họp quá nhiều. Như vậy sẽ có “tư lệnh ngành” trong lĩnh vực. Các sở có hệ thống chân rết trong 13 quận nội thành để quản lý nhà nước. Việc này thành phố có thể làm. Bốn là tổ chức chính quyền mấy cấp thì luật đã quy định, ta cứ làm theo. Với thành phố trực thuộc thì ta tăng phân quyền, với 13 quận nội thành có cơ sở hạ tầng chung thì các sở quản lý nhà nước tập trung ở các quận. Tôi nghĩ như vậy chúng ta có thể triển khai, tinh giản bộ máy. - Khó khăn về ngân sách sẽ giải quyết thế nào trong hoàn cảnh các thành phố lớn vẫn loay hoay với bài toán thu chi? - Luật Ngân sách nói rồi. Giờ chúng ta đề nghị, cái gì của địa phương thì địa phương thu; thứ hai chia ngân sách Trung ương - địa phương theo tỷ lệ 5-5 ổn định cả nhiệm kỳ 5 năm thay cho từng năm. Phần thu cho Trung ương thì thành phố cứ thu hộ. Cái chính là phần chi theo tỷ lệ thì để thành phố tự quyết định. Ví dụ 5 năm tới, phân chia từng loại thuế thế nào nên ổn định cả giai đoạn, nếu thu nhiều thì “nước lên thuyền lên”, tức được chia nhiều. Trong mô hình chính quyền đô thị tôi nhấn mạnh việc tăng vai trò của HĐND trong quyết định và giám sát để bớt cơ chế xin cho, tạo động lực. Trước mắt, trong khuôn khổ pháp luật hiện hành ta hoàn toàn có thể làm được. Luật đã nói rõ chính quyền đô thị là cái gì rồi nên có thể triển khai tinh thần như Bí thư nêu. Video \"Chúng ta tự hào có thời TP HCM ở vị trí Hòn ngọc Viễn Đông nhưng lịch sử mỗi giai đoạn một khác\", tiến sĩ Trần Du Lịch chia sẻ với Zing.vn sau phát biểu của Bí thư Thăng. - Bí thư Đinh La Thăng cũng nhắc lại câu chuyện các nước trước đây ngưỡng vọng về Hòn ngọc Viễn Đông. Theo ông, với cơ chế mới, bao giờ TP HCM có thể giành lại vị trí số 1? - Tôi không dám kỳ vọng gì nhiều. Thời TP HCM là Hòn ngọc Viễn Đông của đầu thế kỷ 20 là trong bối cảnh khác, vì khoảng cách ta với các thành phố lớn như Singapore, Bangkok… hiện đã quá xa. Cái quan trọng nhất theo Nghị quyết 20 của Bộ Chính trị là TP phấn đấu dần dần trở thành một trong những đô thị hiện đại ngang tầm khu vực. Nhiệm vụ bây giờ là phải làm sao rút ngắn dần khoảng cách. Trong bảng xếp hạng hơn 180 đô thị sống tốt thì TP HCM xếp ở vị trí khoảng 150 còn các thành phố khác trong khu vực chỉ mấy chục. Dĩ nhiên chúng ta tự hào có thời TP HCM đã có vị trí như vậy nhưng lịch sử mỗi giai đoạn một khác. Chúng nên đặt kỳ vọng TP HCM không phải cạnh tranh với các tỉnh trong nước nữa mà lấy các thành phố Bangkok, Kuala Lumpur, Singapore để phấn đấu, rút ngắn khoảng cách. Với tinh thần đó, muốn vậy, trước hết TP HCM phải có tốc độ tăng trưởng cao hơn nhiều so với các nơi này trong những năm tới. - Với tư cách là một người dân TP HCM, ông chia sẻ thế nào về mong muốn của Bí thư? - Tôi hoan nghênh tinh thần đột phá của ông Đinh La Thăng vì nhận thấy một trong những trói buộc của thành phố là cơ chế không phù hợp. Tôi cho những tư tưởng đột phá cũng như những nỗ lực, chứ không phải phát ngôn, của Bí thư sẽ tạo làn gió khơi dậy truyền thống năng động sáng tạo, không chịu bó buộc bởi khó khăn của TP HCM. Người đứng đầu Thành phố quyết tâm thì bộ máy sẽ chuyển động. Tinh thần là tôi ủng hộ tối đa, nếu Bí thư kêu tôi giúp, tôi sẵn sàng. Tiến sĩ Trần Du Lịch Dĩ nhiên còn vấn đề mà Bí thư chưa đề cập là phát triển vùng đô thị TP HCM chứ không phải chỉ TP HCM. TP sẽ phát triển trong bối cảnh chung của vùng đô thị trong bán kính 50 km từ trung tâm thành phố, tức là hình thành chuỗi đô thị. Và sự phát triển chỉ bền vững khi cả vùng đô thị phát triển đồng bộ, giống như vùng Tokyo, Paris… - Đã có ý kiến bày tỏ muốn giúp TP xây dựng luật đại đô thị phù hợp với Hiến pháp đồng thời tạo có cơ chế thông thoáng để TP HCM vượt lên, quan điểm của ông? - Tôi không mê một luật riêng cho TP. Cũng như thú thật mặc dù thông qua nhưng tôi không mê Luật Thủ đô, vì nó không giải quyết được gì, cứ soi lại mà xem. Vấn đề không phải để cho oai, mà phải đi từ gốc. Nếu trên cho làm như nghị quyết của Bộ Chính trị là cái gì mà luật chưa quy định thì cho thành phố thí điểm, cứ theo tinh thần đó thì tốt hơn nhiều. Ví dụ trước khi có nghị định 124 về tăng tính tự chủ tài chính cho Hà Nội và TP HCM thì thành phố đã thí điểm trước. TP HCM làm nhiều thứ mà trước đây chưa có như xây dựng quỹ đầu tư phát triển đô thị TP HCM, nay là Công ty đầu tư tài chính Nhà nước TP HCM (HFIC), là những mô hình đặc biệt đã được Bộ Chính trị cho làm. TP HCM đã có hai cây gậy: Nghị quyết 20 và sau này là 16 của BCT; thứ hai là Hiến pháp, Luật Chính quyền địa phương. TP hãy tận dụng tối đa đã, còn vướng đâu sẽ đề xuất tiếp để kiến nghị tháo. Với tư tưởng chỉ đạo của Bí thư Đinh La Thăng thì TP HCM hãy khởi động mạnh mẽ tích cực xây dựng mô hình chính quyền đô thị. - Cơ sở lý luận lẫn thực tiễn đều đã có nhưng còn thách thức, ông hình dung thế nào? - Tôi cho cái đầu tiên là sự đồng thuận. Riêng tổ chức 3 quận thành mỗi thành phố, thì chuyện dư người, tinh gọn bộ máy là cả vấn đề. Hai là những vấn đề vướng về luật thì phải kiên trì kiến nghị, chứ không phải thấy vướng là dừng. Dĩ nhiên, bước đầu tôi tin thuận lợi là vì người đứng đầu Thành phố quyết tâm thì bộ máy sẽ chuyển động. Tinh thần là tôi ủng hộ tối đa, nếu Bí thư kêu tôi giúp tôi sẵn sàng.  \"Trước đây, Singapore, Thái Lan nhìn về Sài Gòn với một sự ngưỡng mộ, khao khát, bao giờ mới được như Sài Gòn nhưng nay chúng ta đã tụt hậu\", Bí thư TP HCM Đinh La Thăng trăn trở.","description":"\"Chúng ta tự hào có thời TP HCM ở vị trí Hòn ngọc Viễn Đông nhưng lịch sử mỗi giai đoạn một khác\", tiến sĩ Trần Du Lịch chia sẻ với Zing.vn sau phát biểu của Bí thư Thăng.","url":"http://news.zing.vn/toi-khong-ky-vong-nhieu-ve-vi-tri-so-1-cua-tp-hcm-post637635.html"}
{"title":"Sưởi ấm bằng than đá, 3 người bị ngộ độc khí","time":"06:00 29/03/2016","content":"Ngày 28/3, Bệnh viện đa khoa Hà Tĩnh vẫn đang theo dõi tình trạng sức khỏe của cháu bé 6 ngày tuổi. Theo bác sĩ Nguyễn Xuân Thái - Phó khoa cấp cứu chống độc (Bệnh viện đa khoa Hà Tĩnh), khi sinh con trai được 6 ngày thì trời trở rét, chị Nguyễn Thị Phương Trang (trú phường Văn Yên, TP Hà Tĩnh) được gia đình đốt than đá để xông cho sản phụ trong phòng kín. Túc trực chăm sóc chị Trang ngày 24/3 có bà Nguyễn Thị Xuân (mẹ chồng). Sau 3 giờ sưởi ấm, chị Trang, bà Xuân cảm thấy nặng ngực, khó thở; cháu bé 6 ngày tuổi bị tím tái. Người nhà liền đứa 3 người tới bệnh viện cấp cứu. Cháu bé 6 ngày tuổi được theo dõi sức khỏe tại bệnh viện. Phó khoa cấp cứu chống độc cho biết, cả 3 người được xác định bị ngộ độc khí carbon monoxide (CO) do đốt than đá sưởi. Các bệnh nhân được cho thở oxy, truyền dịch theo dõi. Sau 4 ngày điều trị, chị Trang và bà Xuân đã được xuất viện. Riêng cháu bé vẫn đang được chăm sóc theo dõi tại khoa Nhi của Bệnh viện đa khoa Hà Tĩnh.","description":"Hơn 3 giờ sau khi sưởi ấm bằng than đá, sản phụ Trang (ở Hà Tĩnh) cùng cậu con trai 6 ngày tuổi và mẹ chồng phải cấp cứu vì ngộc độc khí CO.","url":"http://news.zing.vn/suoi-am-bang-than-da-3-nguoi-bi-ngo-doc-khi-post637582.html"}
{"title":"Không đốn hạ cây xanh trên đường Tôn Đức Thắng","time":"22:23 28/03/2016","content":"Cụ thể, để phục vụ việc thi công ga Ba Son, TP sẽ di dời, bứng dưỡng 16 cây sọ khỉ trên đường Tôn Đức Thắng (đoạn từ Nguyễn Hữu Cảnh đến Ngô Văn Năm). Kế hoạch bứng dưỡng cụ thể sẽ được các cơ quan chức năng thông tin chi tiết trong thời gian sớm nhất. Trước đó, sáng 23/3, tại buổi tiếp xúc với báo chí, ông Hoàng Như Cương, Phó Trưởng ban Quản lý đường sắt đô thị TP HCM cho biết, sẽ đốn hạ, di dời khoảng 300 cây xanh trên đường Tôn Đức Thắng để phục vụ dự án xây dựng cầu Thủ Thiêm 2 (Công ty cổ phần đầu tư địa ốc Đại Quang Minh làm chủ đầu tư) và nhà ga Ba Son (của tuyến đường sắt đô thị Bến Thành - Suối Tiên). Trước mắt, từ ngày 26/3 đến 7/5, bốn cây sẽ được di dời và 12 cây sẽ bị đốn hạ để xây dựng nhà ga Ba Son. Số cây còn lại thuộc dự án cầu Thủ Thiêm 2, dự kiến cuối tháng 4/2016, các đơn vị liên quan mới có phương án cụ thể để UBND TP quyết định. Theo ông Cương, những cây xanh được di dời sẽ đưa về trồng ở các công viên, còn gỗ cây đốn hạ sẽ giao cho Khu Quản lý Giao thông đô thị số 1 (Sở GTVT TP) sử dụng ở các công trình công cộng.  Hai ngày nay, một số thanh niên tụ tập trên đường Tôn Đức Thắng (quận 1, TP HCM) mong muốn thành phố giữ lại hàng cây xanh để tạo bóng mát.","description":"Giám đốc Sở GTVT TP HCM Bùi Xuân Cường vừa cho biết như vậy tại cuộc họp với báo chí vào chiều 28/3.","url":"http://news.zing.vn/khong-don-ha-cay-xanh-tren-duong-ton-duc-thang-post637655.html"}
{"title":"Ôtô 4 chỗ bị tàu hỏa SE5 tông rơi xuống ruộng","time":"20:35 28/03/2016","content":"Chiều 28/3, ôtô mang biển số Lào (chưa rõ danh tính tài xế) chở 4 người lưu thông trên quốc lộ 1A theo hướng Bắc - Nam đoạn qua địa bàn huyện Diễn Châu, Nghệ An. Khi đến xã Diễn Trường, huyện Diễn Châu thì tài xế điều khiển cho xe rẽ trái đi vào đường dân sinh hướng về xã Diễn Đoài. Do thiếu quan sát, khi đang vượt đường sắt thì bị tàu SE5 lưu thông theo hướng Bắc - Nam đâm trúng. Cú đâm mạnh khiến chiếc ôtô bị hất văng xuống ruộng bên đường, 4 người trong xe bị thương, trong đó có một nạn nhân nguy kịch. Chiếc xe hư hỏng nặng phần đuôi và cánh cửa bên trái. Vụ việc cũng khiến phần đầu tàu SE5 hư hỏng. Nhận tin báo, CSGT huyện Diễn Châu có mặt xử lý hiện trường, điều tra nguyên nhân. Sau 2 giờ sửa chữa, đoàn tàu tiếp tục hành trình.  Sáng 21/12, băng qua đường ngang ở TP Vinh, anh Đỉnh và xe máy bị kéo đi 200 m, tử vong tại chỗ. Còn hai xe máy đấu đầu trên cầu Bến Thủy đã cướp đi sinh mạng của hai người.","description":"Ôtô chở 4 người đang lưu thông từ quốc lộ 1A rẽ vào đường dân sinh giao với đường sắt ở Nghệ An, do tài xế thiếu quan sát nên đã bị tàu SE5 đâm văng xuống ruộng.","url":"http://news.zing.vn/oto-4-cho-bi-tau-hoa-se5-tong-roi-xuong-ruong-post637599.html"}
{"title":"Thu 1 m2 đất ở, đền bằng 1 kg thịt bò","time":"19:58 28/03/2016","content":"Ngoài ra, người dân bị giải tỏa còn cho rằng việc áp dụng qui định giá bồi thường nhà cửa, vật kiến trúc ở dự án này vô lý, lạc hậu. Bởi họ bị giải tỏa năm 2015 nhưng lại được đền bù theo giá ban hành năm 2012. Thu 79,9 m2 đất ở đền 22,3 triệu đồng Để phục vụ dự án đường Hòa Phước - Hòa Khương, UBND huyện Hòa Vang có quyết định thu hồi của bà Nguyễn Thị Hồng (thôn Dương Sơn, xã Hòa Châu) 381 m2 đất ở.   Khi bị thu hồi, 1 m2 đất ở của bà Hồng được nhà nước đền bù với giá 280.000 đồng, như vậy với 381 m2 đất ở bà Hồng được đền tổng cộng gần 107 triệu đồng. Theo thông báo của Trung tâm phát triển quỹ đất TP Đà Nẵng, gia đình bà Hồng được TP giải quyết bố trí lại 1 lô đất tái định cư diện hộ chính đường 7,5 m. Bà Hồng có quyền được chọn 1 lô đất tái định cư ở tại khu B - Khu dân cư nam cầu Cẩm Lệ hoặc khu dân cư số 1 đường ĐT 605 (giai đoạn 2). Sau đó tháng 4/2015, Trung tâm phát triển quỹ đất TP Đà Nẵng phát đi thông báo yêu cầu hộ gia đình bà Hồng đến nhận tiền đền bù. Tuy nhiên, người phụ nữ này không chịu nhận tiền. Lý do, số tiền bà được nhà nước đền bù không đủ để mua lại một lô đất tái định cư do nhà nước bố trí để làm nhà ở. Một người dân ở thôn Dương Sơn, xã Hòa Châu (huyện Hòa Vang, TP Đà Nẵng) cho rằng giá đền bù quá thấp khiến dân không đủ tiền làm nhà nơi ở mới.  Được biết, giá đất tái định cư do UBND TP Đà Nẵng ban hành tại 2 khu tái định cư là khu B - Khu dân cư Nam Cầu Cẩm Lệ với loại đường 7,5m có giá thấp nhất là 1.760.000 đồng/m2 và khu dân cư số 1 đường ĐT 605 (giai đoạn 2) với tuyến đường 7,5m là 1.080.000 đồng/m2. Như vậy, nếu bà Hồng muốn nhận 1 lô đất diện tích 100m2 ở vị trí có giá trị thấp nhất ở khu B - khu dân cư Nam Cầu Cẩm Lệ thì phải nộp 176 triệu đồng. Tương tự, nếu bà nhận một lô đất tái định cư khu dân cư số 1 đường ĐT 605 (giai đoạn 2) thì ít nhất phải nộp 108 triệu đồng. Trường hợp của chị Nguyễn Thị Hiền (trú tại thôn Dương Sơn, xã Hòa Châu) đang rơi vào cảnh dở khóc dở cười. Chị Hiền có khu đất ở 150m2, bị nhà nước thu hồi 79,9m2, không được bố trí lại đất tái định cư. Với giá 280.000 đồng/m2 đất ở, số tiền chị được đền bù là 22,3 triệu đồng. Ngoài ra, chị còn được đền bù vật kiến trúc và cây cối hoa màu trên đất là 8,7 triệu đồng. \"Khi biết tin được đền bù đất với số tiền 22,3 triệu đồng tôi thấy thật tức cười. Sao lại đền bù với giá rẻ như vậy. Đền 1m2 đất ở chỉ 280.000 đồng, giá chỉ bằng 1kg thịt bò thì ai mà chấp nhận được\" - chị Hiền nói. Giá bồi thường năm 2012? Theo các hộ dân dự án giải tỏa năm 2015 nhưng khi áp giá đền bù Trung tâm phát triển quỹ đất TP lại chiếu theo quyết định năm 2012 để thực hiện khiến giá bồi thường cực thấp. Theo tìm hiểu của Tuổi Trẻ, nguyên nhân giá đền bù thấp là do Trung tâm phát triển quỹ đất TP Đà Nẵng áp dụng căn cứ quyết định 63 năm 2012 của UBND TP Đà Nẵng quy định về giá bồi thường, hỗ trợ và tái định cư. Trao đổi với phóng viên ông Đặng Thương, Chủ tịch UBND huyện Hòa Vang cho biết, tuyến đường dự án dài 10 km đi qua 4 xã với 1.272 hồ sơ giải tỏa liên quan (trong đó có 467 hồ sơ đất ở và 805 hồ sơ đất nông nghiệp). Ông Thương cho biết hiện nay đã hoàn thành việc giải tỏa đền bù với tất cả hồ sơ đất nông nghiệp, riêng các hồ sơ giải tỏa về đất ở và vật kiến trúc thì vẫn gặp vướng. \"Địa phương đang thực hiện từng bước, các hộ nào thống nhất thì di dời, còn ai chưa thống nhất thì vẫn cứ để đó chứ chưa kiên quyết buộc di dời ngay. Do nhiều hộ dân đề nghị được hỗ trợ chênh lệch giá để có điều hiện xây dựng lại nhà ở mới nên mình vẫn đang thận trọng xem xét từng trường hợp\" - ông Thương nói. Theo ông Thương, đa số các hộ dân đều cho rằng giá bồi thường quá thấp. Tuy nhiên đơn giá là quy định chung của thành phố vượt ngoài thẩm quyền của huyện. Về giá đất tái định cư ở nơi ở mới mà người dân phản ánh quá cao, ông Thương cho rằng đây là giá hợp lý bởi nhà nước đã \"đầu tư tất cả\". \"Anh ở nơi nông thôn ra nơi ở mới có đèn điện, đường thảm nhựa, nền đất đẹp thì phải chấp nhận giá cao là đương nhiên\" - ông Thương cho biết. Tuy nhiên, điều mà ông Thương nói không được người dân đồng tình. Bởi người dân cho rằng nhà nước có cho nợ thì người dân cũng phải trả. Ở đây họ đòi hỏi công bằng về chính sách giá chứ không phải nhà nước có cho nợ hay không. Riêng với trường hợp thu hồi 79,9 m2 đất nhưng không giải quyết đất tái định cư và chỉ được đền 22,3 triệu đồng cho bà Nguyễn Thị Hiền, ông Thương nói lô đất này chỉ bị cắt một phần, không ảnh hưởng nhà cửa nên chỉ đền bù tiền. Trong khi đó, ông Nguyễn Văn Anh, phó giám đốc Trung tâm phát triển quỹ đất cho biết: \"Tất cả việc áp giá đền bù của dự án này đơn vị thực hiện theo đúng qui định của TP. Hiện trạng như thế nào thì đền bù như thế ấy chớ biết làm sao\". Khi PV hỏi việc áp dụng giá đền bù như vậy là đúng quy định nhưng có hợp lý với thực tế hay không thì ông Anh không trả lời. Ông Anh nói giá đền bù hoặc giá đất tái định cư cao hay thấp là \"tùy theo nhận định của mỗi người\". Vì sao giải tỏa năm 2015 nhưng lại áp dụng giá đền bù nhà cửa theo qui định năm 2012? Ông Anh nói: \"Trước giờ có thay đổi gì đâu, giá bồi thường theo quy định hiện hành\". Mong điều chỉnh lại giá Trao đổi với Tuổi Trẻ, một cán bộ có chức vụ thuộc Trung tâm phát triển quỹ đất TP Đà Nẵng trực tiếp tham gia chỉ đạo điều hành việc áp giá đền bù giải tỏa, bố trí tái định cư ở dự án xây dựng tuyến đường Hòa Phước - Hòa Khương nói: “Việc TP bán đất tái định cư cho các hộ giải tỏa với giá như vậy người ta có ý kiến là đúng. Đối với các hộ thuộc diện dự án này thì cần phải điều chỉnh giá đất tái định cư cho phù hợp\".  ","description":"Đó là giá đền bù mà các hộ dân bị thu hồi đất ở dự án xây dựng tuyến đường Hòa Phước - Hòa Khương (hay còn gọi đường vành đai phía Nam tại huyện Hòa Vang, TP Đà Nẵng) nhận được.","url":"http://news.zing.vn/thu-1-m2-dat-o-den-bang-1-kg-thit-bo-post637628.html"}
{"title":"Người vi phạm yêu cầu CSGT vào khách sạn làm việc là ai?","time":"19:25 28/03/2016","content":"Ngày 28/3, Nguyễn Hữu Đệ (36 tuổi, thường trú Kiên Giang) đến Phòng CSGT đường bộ Công an TP Cần Thơ làm việc và khai nhận về việc xưng \"anh em trong ngành\", nhờ bạn gái yêu cầu công an vào khách sạn giải quyết vụ việc. Lãnh đạo Phòng CSGT đường bộ, Công an TP Cần Thơ cho biết sau sự việc đã phân công cán bộ trực tiếp đến nơi đăng ký hộ khẩu thường trú và gia đình của người vi phạm giao thông để xác minh. Chính quyền địa phương thông tin, năm 2014, Đệ có đăng ký thường trú nhưng không sinh sống và đi đâu không rõ. Anh ta không có công tác trong cơ quan nhà nước hay đơn vị sự nghiệp nào. Thông tin “anh em trong ngành” là do người vi phạm tự xưng, mạo nhận. Năm 2011, có một nhóm giang hồ từ An Giang tìm đến Đệ đòi số tiền lớn. Còn cha mẹ của Đệ cho biết con trai không có nghề nghiệp và chỗ ở cố định. Anh ta nói với gia đình là công tác trong ngân hàng, nhưng không nói ngân hàng nào. Từ năm 2014, anh ta ít khi về nhà. Theo lời khai của Đệ, đêm xảy ra sự việc có ăn tiệc cùng với bạn gái tên Duyên rồi rủ nhau đi hát karaoke. Khi CSGT ra tín hiệu dừng xe, Đệ cố tình chạy đến khách sạn Thiên Lý cách đó 100 m. Do say rượu nên anh ta đi vào khách sạn rồi tắm rửa và nằm nghỉ 30 phút. Anh này cho biết bản thân không công tác trong cơ quan nhà nước hay đơn vị hành chính sự nghiệp nào. Mục đích nói “anh xem trong ngành” là để tổ tuần tra bỏ qua. Ôtô vi phạm được người này mua với giá 350 triệu đồng nhưng mới trả trước 100 triệu nên chưa sang tên. Anh ta thừa nhận, trước đây sống bằng nghề làm ruộng. Sau khi ly hôn, năm 2011, Đệ lên TP HCM làm công nhân và hiện tại không có việc làm ổn định. Người này từng mượn 300 triệu đồng của người bạn ở An Giang và xuống huyện Tân Hiệp (tỉnh Kiên Giang) sinh sống. Người bạn cho rằng Đệ lừa đảo chiếm đoạt tài sản nên thuê giang hồ đến đòi nợ. Cũng theo lời thanh niên này, người xưng là bạn gái (tên Duyên) quen qua mạng cách đây 1 tháng, không biết nơi cư trú. “Với các lỗi vi phạm không chấp hành việc đo nồng độ cồn, mức phạt hành chính khoảng 12,5 triệu đồng; lỗi không có giấy phép lái xe 5 triệu đồng và không mang theo giấy đăng ký phương tiện 300.000 đồng”, một cán bộ CSGT cho hay. Theo cơ quan công an, đêm 21/3, Đệ chạy ôtô với tốc độ cao và có dấu hiệu say xỉn nên lực lượng CSGT yêu cầu dừng để kiểm tra, đo nồng độ cồn. Đệ không chấp hành mà chạy khoảng 100 m mới dừng trước khách sạn trên đường Trần Phú (phường Cái Khế, quận Ninh Kiều). Người này xưng là \"anh em trong ngành\" để lực lượng chức năng bỏ qua. Tổ tuần tra đã giải thích và yêu cầu tài xế kiểm tra nồng độ cồn trong máu. Do anh này không chấp hành, nên lực lượng làm nhiệm vụ lập biên bản vụ việc, cẩu xe về trụ sở làm việc. Sau đó nghi can khóa cửa xe, vào trong khách sạn rồi thách thức \"trong xe có tiền và nhiều đồ quý, nếu mất thì tổ tuần tra chịu trách nhiệm\". CSGT đã yêu cầu thêm lực lượng đến hiện trường hỗ trợ. Lúc này, một cô gái bước ra từ khách sạn xưng là bạn gái của Đệ, cho biết mình là “người của công chúng” và bạn trai đã say đang ngủ trên phòng. Cô gái yêu cầu CSGT lên phòng khách sạn làm việc, nhưng yêu cầu này không được chấp nhận.  Không chấp hành hiệu lệnh của CSGT, người đàn ông dừng ôtô trước khách sạn rồi đi vào trong. Một lúc sau, có cô gái bước ra yêu cầu lực lượng chức năng vào khách sạn làm việc.","description":"Người vi phạm tự xưng \"anh em trong ngành\" rồi vào trong khách sạn tắm rửa, nghỉ ngơi. Theo xác minh, anh này không nghề nghiệp ổn định và bị giang hồ truy lùng đòi nợ.","url":"http://news.zing.vn/nguoi-vi-pham-yeu-cau-csgt-vao-khach-san-lam-viec-la-ai-post637552.html"}
{"title":"Cứu voi con 2 tháng tuổi rơi xuống giếng","time":"19:02 28/03/2016","content":"Chiều 28/3, ông Huỳnh Trung Luân - Giám đốc Trung tâm Bảo tồn Voi Đắk Lắk, cho biết đơn vị vừa cứu thành công chú voi rừng 2 tháng tuổi rớt xuống giếng tại Lâm trường Cư M’Lan, huyện Ea Súp. Trước đó,  khoảng 12h ngày 28/3, ông Y Búk Siu và anh Y Tha (cùng ngụ tại buôn 1, thị trấn Ea Súp) đi làm rẫy ở tiểu khu 294, thuộc Công ty Lâm nghiệp Cư M’Lan phát hiện chú voi 2 tháng tuổi rơi xuống giếng sâu khoảng 5 m. Hai ông đã trình báo sự việc cho lãnh đạo lâm trường và cơ quan chức năng. Đến khoảng 12h30, đại diện lâm trường Cư M’lan, Kiểm lâm và Trung tâm Bảo tồn Voi có mặt tại hiện trường. Sau 1 giờ, chú voi được đưa lên mặt đất. “Cán bộ Trung tâm Bảo tồn Voi thực hiện các biện pháp thăm khám, chăm sóc. Hiện sức khoẻ chú voi con đã được ổn định và được thả về rừng”, ông Luân nói. Ông Luân nhận định, chú voi trên theo đàn hơn chục con di chuyển sang hồ Ea Súp để tìm nước uống, vô tình rơi xuống giếng.  Sáng 17/2, người dân tại thôn 2, xã Ea Kiết, huyện Cư Mgar (Đắk Lắk) phát hiện cá thể voi đực khoảng 1 năm tuổi nặng hơn 2 tạ chết bên bờ ao nhà người dân.","description":"Hai người dân đi làm rẫy phát hiện chú voi đực khoảng 2 tháng tuổi rơi xuống giếng nên trình báo với cơ quan chức năng.","url":"http://news.zing.vn/cuu-voi-con-2-thang-tuoi-roi-xuong-gieng-post637619.html"}
{"title":"\u0027Đại biểu Quốc hội thử làm dân thường vài giờ xem?\u0027","time":"18:05 28/03/2016","content":"Trong buổi chiều 28/3, các đại biểu Quốc hội tiếp tục thảo luận về báo cáo nhiệm kỳ của Quốc hội khóa XIII. Đại biểu Trương Trọng Nghĩa (TP HCM) cho hay, báo cáo nhiệm kỳ nêu được rất nhiều điều. Tuy nhiên, ông Nghĩa cũng khẳng định dù Quốc hội đã có nghị quyết xây dựng luật nhưng nhiều lần cơ quan soạn thảo vẫn xin lùi, chuyển sang nhiệm kỳ là không thoàn thành nhiệm vụ.  \"Ví dụ như Luật biểu tình, Luật lập hội mà Nghị quyết 48 của Bộ Chính trị từ năm 2005 đã đưa vào, nhưng cơ quan soạn thảo vẫn lần lữa chưa hoàn thiện. Vì vậy, phải có chế tài, nếu không người dân có cảm giác cơ quan hành pháp có quyền lực hơn cơ quan lập pháp\" - ông Nghĩa nói. Đại biểu Nghĩa cũng lo ngại việc len lỏi lợi ích nhóm, lợi ích ngành vào việc soạn thảo luật pháp.  Đại biểu Quốc hội Trương Trọng Nghĩa. Ảnh: Ngọc Ý. Đại biểu Nghĩa nêu nhận định, Quốc hội không chỉ là cơ quan ban hành luật mà Quốc hội cũng phải có trách nhiệm trong việc thi hành pháp luật. \"Tôi thấy tình hình phạm pháp cần được báo động. Pháp luật bị vi phạm ở mọi địa phương, mọi cấp độ. Những người hoạt động pháp luật đều thấy pháp luật càng chặt chẽ, tội phạm càng tinh vi. Do đó pháp luật phải càng hoàn thiện hơn, phòng chống tội phạm phải càng chặt chẽ hơn. Đây là cuộc rượt đuổi mang tính quy luật. Vì vậy pháp luật phải cao hơn nhanh hơn\" - Đại biểu Nghĩa nói. Ông Trương Trọng Nghĩa trăn trở khi ở Việt Nam, tội phạm không cần tinh vi mà lại rất trắng trợn, rất công khai, kéo dài. Ví dụ vấn đề khai thác cát, phá rừng, xây biệt thự trên đất cấm, xây nhà cao tầng trái phép tại đô thị không phải \"chuyện đi đêm\"  nhưng vẫn diễn ra thường xuyên với quy mô ngày càng lớn. \"Chúng ta phải suy nghĩ nguyên nhân nằm ở đâu?\" - đại biểu Nghĩa nêu câu hỏi và cho rằng, công tác phòng chống tội phạm có vấn đề khi người ta vi phạm pháp luật mà không còn sợ nữa! \"Nếu chúng ta làm dân thường một vài giờ xem, chúng ta sẽ thấy tính mạng, nhân phẩm và tài sản dễ bị xúc phạm, bị xâm hại ra sao\" - ông Nghĩa nói. Ông Trương Trọng Nghĩa đánh giá, đất nước ta kém an toàn hơn so với nhiều năm trước đây. Vì vậy Quốc hội khóa XIV phải tăng giám sát việc thi hành pháp luật để đảm bảo an toàn, hạnh phúc, quyền công dân của người dân.","description":"Đại biểu Quốc hội Trương Trọng Nghĩa đánh giá, hiện nay người dân đang cảm thấy mất an toàn hơn nhiều năm trước vì tài sản, tính mạng, nhân phẩm thường xuyên bị đe dọa.","url":"http://news.zing.vn/dai-bieu-quoc-hoi-thu-lam-dan-thuong-vai-gio-xem-post637594.html"}
{"title":"Ông Huỳnh Văn Nén đã hồi phục và đi lại sau tai nạn","time":"17:56 28/03/2016","content":"  Ông Huỳnh Văn Nén được gọi là \"người tù thế kỷ\", ông phải đi tù oan hơn 17 năm với 2 vụ án cùng về hành vi giết người. Theo nội dung vụ án, ngày 17/5/1998, ông Nén bị công an bắt giữ vì tình nghi giết bà Lê Thị Bông ở xã Tân Minh (nay là thị trấn Tân Minh, huyện Hàm Tân, Bình Thuận). Người đàn ông này bị tuyên phạt tù chung thân về 2 tội Giết người và Cướp tài sản. Trong thời gian điều tra vụ bà Bông, ông Nén còn \"tự khai\" đã cùng người thân giết bà Dương Thị Mỹ (xảy ra năm 1993). Tuy nhiên, năm 2005, vụ án bà Mỹ được xác định oan sai, 9 người thân được thả và bồi thường, còn ông Nén vẫn phải thụ án tù chung thân. Cuối năm 2015, ông Nén được xác định oan sai, hung thủ giết bà Bông cũng sa lưới pháp luật.","description":"\"Người tù thế kỷ\" đã dần phục hồi tại Bệnh viện Chợ Rẫy (TP HCM) sau tai nạn. Ông đã đi lại được nhưng vẫn phải theo dõi và chăm sóc cẩn thận.","url":"http://news.zing.vn/ong-huynh-van-nen-da-hoi-phuc-va-di-lai-sau-tai-nan-post637586.html"}
{"title":"Đại biểu có thể giới thiệu thêm ứng viên lãnh đạo Nhà nước","time":"17:31 28/03/2016","content":"Bên hành lang Quốc hội chiều 28/3, Phó chủ tịch Quốc hội Uông Chu Lưu cho biết, để chuẩn bị cho công tác nhân sự thì trước hết là việc miễn nhiệm và bầu mới người đứng đầu Quốc hội trong ít ngày tới. Đến nay, các khâu chuẩn bị đã chu tất. Bắt đầu từ sáng thứ Tư tuần này, 30/3, Quốc hội sẽ tiến hành các thủ tục trong quy trình miễn nhiệm, bầu mới. “Các báo cáo cụ thể về phương án nhân sự trình Quốc hội thì chiều 28/3, Ủy ban Thường vụ họp cho ý kiến để việc trình Quốc hội xem xét với chức danh đầu tiên - Chủ tịch Quốc hội - theo đúng quy định của Hiến pháp, pháp luật và các quy định của Đảng. Phần công việc của các cơ quan tham mưu thì đã chuẩn bị đầy đủ” – Phó chủ tịch Quốc hội nói về cuộc họp kín diễn ra ít phút sau đó. Ngoài phương án nhân sự Trung ương Đảng giới thiệu với 3 chức danh chủ chốt là Chủ tịch Quốc hội, Chủ tịch nước, Thủ tướng, ông Uông Chu Lưu cho biết, theo luật, đến thời điểm này, chỉ còn đại biểu Quốc hội có quyền tự ứng cử hoặc đề cử thêm phương án nhân sự cho những vị trí này. \"Nếu có đại biểu tự ứng cử hoặc đề cử, Quốc hội sẽ đưa ra để thảo luận và quyết định đưa ai vào danh sách để bầu. Còn người được đề cử hoặc ứng cử xin rút thì được rút theo luật\", Phó chủ tịch Quốc hội nói. Ngoài ra, trong cuộc họp chiều 28/3, Ủy ban Thường vụ Quốc hội còn bàn về tổng thể chương trình kiện toàn nhân sự kỳ này của Quốc hội để thống nhất một quy trình chung. Tiếp đó, trong suốt hơn 10 ngày làm việc dành cho công tác nhân sự, Ủy ban Thường vụ Quốc hội sẽ họp riêng khi có bất cứ vấn đề phát sinh, ví dụ như khi xuất hiện ý kiến khác nhau sau các phiên thảo luận tại Đoàn đại biểu Quốc hội với mỗi lần trình miễn nhiệm hoặc bầu, phê chuẩn một nhân sự cụ thể. Khi đó, Thường vụ phải cho ý kiến để chuẩn bị báo cáo giải trình, tiếp thu trước Quốc hội, xin ý kiến các vị đại biểu. Không xác nhận việc các chức danh chủ chốt đến thời điểm này có đơn xin từ nhiệm hay không nhưng Phó chủ tịch Quốc hội giải thích, luật cũng như nội quy đã có quy định chặt chẽ, cẩn trọng. Việc miễn nhiệm các chức danh chủ chốt như Chủ tịch nước, Chủ tịch Quốc hội, Thủ tướng do cơ quan có thẩm quyền trình để đề nghị Quốc hội bầu ở đầu nhiệm kỳ thì chính những cơ quan này có trách nhiệm làm trờ trình gửi Quốc hội về việc miễn nhiệm đối với chức danh đó. Theo chương trình làm việc, trong tuần này và tuần sau, Quốc hội bắt đầu công tác miễn nhiệm, bầu 3 chức danh lãnh đạo Nhà nước. Nếu không có gì thay đổi, các tân Chủ tịch Quốc hội, Chủ tịch nước, Thủ tướng sẽ tuyên thệ lần lượt vào các ngày 31/3, 2/4 và 7/4.  Ngày 30/3 - 7/4, Quốc hội sẽ thực hiện quy trình miễn nhiệm và bầu Chủ tịch Quốc hội, Chủ tịch nước và Thủ tướng. Các chức danh này sẽ có 3 phút tuyên thệ khi nhậm chức.","description":"Theo Phó chủ tịch Quốc hội Uông Chu Lưu, ngoài phương án của Trung ương Đảng, chỉ đại biểu mới có quyền giới thiệu nhân sự ứng cử Chủ tịch Quốc hội, Chủ tịch nước, Thủ tướng.","url":"http://news.zing.vn/dai-bieu-co-the-gioi-thieu-them-ung-vien-lanh-dao-nha-nuoc-post637598.html"}
{"title":"Đường sắt Sài Gòn lên tiếng về đề xuất dời ga","time":"17:13 28/03/2016","content":"Theo Công ty cổ phần vận tải Đường sắt Sài Gòn, ga Sài Gòn là điểm trung chuyển hành khách của tuyến đường sắt Bắc - Nam ra vào TP, có một số điểm giao cắt giữa đường bộ và đường sắt, chủ yếu từ ga Gò Vấp đến ga Sài Gòn. Kẹt xe do ý thức chưa tốt Đối với ý kiến di dời ga Sài Gòn do đường sắt có nhiều điểm giao cắt gây kẹt xe, Công ty cổ phần vận tải Đường sắt Sài Gòn cho rằng đường sắt không phải là nguyên nhân chính gây kẹt xe tại các điểm này mỗi khi có tàu hỏa chạy qua mà do ý thức chấp hành luật giao thông chưa tốt của một số người chen lấn giành đường. Nếu tổ chức tốt,  tàu hỏa chính là phương tiện ít gây ùn tắc nhất, đảm bảo an toàn và đúng giờ để chở hành khách, hàng hóa, góp phần tạo thuận lợi cho hoạt động đi lại của người dân TP và các vùng lân cận. Đoạn đường sắt từ ga Bình Triệu vào ga Sài Gòn tạo ra 14 điểm giao cắt giữa đường sắt và đường bộ, gây kẹt xe khiến nhiều người đề nghị dời ga Sài Gòn. Theo Công ty cổ phần vận tải Đường sắt Sài Gòn, một đoàn tàu ra hoặc vào TP có thể chuyên chở gần 1.000 hành khách. Hiện hành khách đi tàu rất thuận lợi khi đến ga Sài Gòn thay vì phải mất thời gian, chi phí để đi từ nội thành đến một ga ở ngoại ô hoặc ngược lại. Trong khi đó, người dân của các tỉnh khác như Bình Dương, Đồng Nai... có thể lên tàu tại ga Biên Hòa, Dĩ An. Phải di dời nhiều công trình Cũng theo Công ty cổ phần vận tải Đường sắt Sài Gòn, nếu dời ga Sài Gòn ra Dĩ An hoặc Biên Hòa thì không đơn giản chỉ dời ga là xong, mà còn phải di dời khối lượng lớn các công trình phụ trợ phục vụ chạy tàu. Cụ thể là nhà xưởng, máy móc, thiết bị chạy tàu của 7 công ty, xí nghiệp với lực lượng lao động gần 3.000 người sửa chữa đầu máy, toa xe, thông tin, duy tu, bảo dưỡng đường sắt và làm việc trên các đoàn tàu. Công ty cổ phần vận tải Đường sắt Sài Gòn đưa ra giải pháp trong khi chờ xây dựng đường sắt trên cao từ Sài Gòn đến Trảng Bom theo quyết định đã được Thủ tướng phê duyệt thì cần xây dựng bổ sung các giải pháp để điều tiết giao thông hợp lý tại các điểm giao cắt giữa đường sắt và đường bộ. Đối với giải pháp trên, TP HCM hoàn toàn có thể thực hiện được vì số lượng giao cắt giữa đường sắt và đường bộ trong nội đô thành phố là không nhiều. Công ty này cho biết đang xây dựng phương án trình UBND TP về việc tổ chức chạy tàu khách đường ngắn từ TP đi Bình Dương, Đồng Nai và ngược lại để phục vụ hành khách, giảm bớt ùn tắc giao thông đô thị.  Sau vụ sập cầu Ghềnh, nhiều ý kiến cho rằng nên dời luôn ga Sài Gòn ra ngoại ô thành phố để giảm tình trạng kẹt xe.","description":"Công ty cổ phần vận tải Đường sắt Sài Gòn vừa có ý kiến về việc nên hay không nên dời ga Sài Gòn ra khỏi trung tâm TP.","url":"http://news.zing.vn/duong-sat-sai-gon-len-tieng-ve-de-xuat-doi-ga-post637573.html"}
